Instrument,sep_index,pp_index,cdaw_sep_id,timestamp,cdaw_start_time,cdaw_max_time,cdaw_evn_max,cme_id,cme_launch_time,cme_1st_app_time,lasco_cme_width,p_cme_width,lasco_linear_speed,p_cme_speed,fl_id,fl_start_time,fl_peak_time,fl_rise_time,fl_lon,fl_lat,fl_goes_class,noaa_ar,noaa_ar_uncertain,harpnum,noaa_pf10MeV,ppf_gt10MeV,ppf_gt30MeV,ppf_gt60MeV,ppf_gt100MeV,fluence_gt10MeV,fluence_gt30MeV,fluence_gt60MeV,fluence_gt100MeV,gsep_pf_gt10MeV,gsep_max_time,m_type2_onset_time,dh_type2_onset_time,noaa-sep_flag,Inst_category,Comments,Notes,Fe_e_p_shock_notes,gsep_notes,slice_start,slice_end
5,gsep_001,psep_012,,2/4/86 9:25,,,,,,,,,,,,2/4/86 7:35,2/4/86 7:40,5,-21,-3,X3.0,,,,,6.27,1.82,,,141000,52200,,,8,2/4/86 11:40,,,0,S,,,,AR from LMSAL,2/3/86 21:25,2/4/86 17:45
5,gsep_002,psep_013,,2/5/86 2:00,,,,,,,,,,,,2/5/86 12:37,2/5/86 12:53,16,-6,-7,M3.0,4711,FALSE,,,6.47,1.35,,,287000,,,,6.81,2/5/86 23:00,,,0,S,,,,AR from LMSAL,2/4/86 14:00,2/6/86 8:35
5,gsep_003,psep_014,,2/6/86 8:35,,,,,,,,,,,,2/6/86 6:18,2/6/86 6:25,7,2,-7,X1.7,4711,FALSE,,130,83.97,14.02,3.22,1.22,3600000,727000,197000,67000,131,2/6/86 23:00,,,1,S,,Spike,,AR from LMSAL,2/5/86 20:35,2/7/86 13:25
5,gsep_004,psep_015,,2/7/86 13:00,,,,,,,,,,,,2/7/86 10:11,2/7/86 10:29,18,21,-11,M5.2,4711,FALSE,,,125.92,25,5.56,1.53,6620000,973000,255000,93900,196,2/7/86 17:20,,,0,S,Taken by 6,,,AR from LMSAL,2/7/86 1:00,2/8/86 22:20
5,gsep_005,psep_016,,2/10/86 21:00,,,,,,,,,,,,2/10/86 20:25,2/10/86 20:48,23,32,-1,C9.5,4713,FALSE,,,5.14,1.87,0.76,0.35,271000,111000,53500,27100,5.62,2/10/86 22:50,,,0,S,,Spike,,AR from LMSAL,2/10/86 9:00,2/12/86 6:00
5,gsep_006,psep_017,,2/14/86 10:35,,,,,,,,,,,,2/14/86 9:10,2/14/86 9:21,11,76,1,M6.4,4713,FALSE,,130,166.57,17.62,3.64,1.09,12600000,1390000,371000,150000,287,2/14/86 21:10,,,1,S,,Spike,,AR from LMSAL,2/13/86 22:35,2/16/86 12:35
5,gsep_007,psep_018,,3/6/86 18:05,,,,,,,,,,,,3/6/86 16:37,3/6/86 17:02,25,-1,2,C4.6,4717,FALSE,,21,19.38,2.49,0.76,,412000,111000,55500,,32.1,3/6/86 18:45,,,1,S,,Brief data gap,,AR from LMSAL,3/6/86 6:05,3/7/86 0:05
5,gsep_008,psep_019,,5/4/86 10:45,,,,,,,,,,,,5/4/86 9:39,5/4/86 10:07,28,90,9,M1.2,4727,FALSE,,16,13.1,3.17,1.14,0.49,578000,236000,118000,61400,18.8,5/4/86 15:10,,,1,S,,,,AR from LMSAL; Flare location from Kurt et al. (2004),5/3/86 22:45,5/4/86 19:45
6,gsep_009,psep_020,,11/7/87 22:00,,,,,,,,,,,,11/7/87 20:28,11/7/87 20:30,2,90,31,M1.2,4875,FALSE,,120,78.11,3.94,,,2450000,311000,,,41,11/8/87 9:40,,,1,P,,,,AR from LMSAL,11/7/87 10:00,11/8/87 18:55
6,gsep_010,psep_021,,12/30/87 2:15,,,,,,,,,,,,12/30/87 1:42,12/30/87 1:49,7,-32,-36,C4.1,4912,FALSE,,,7.34,,,,587000,,,,2.55,12/31/87 6:00,,,0,P,,,,AR from LMSAL,12/29/87 14:15,1/1/88 0:00
6,gsep_011,psep_022,,1/2/88 23:00,,,,,,,,,,,,1/2/88 21:11,1/2/88 21:35,24,18,-34,X1.4,4912,FALSE,,92,64.64,4.65,0.89,,6220000,566000,208000,,550,1/5/88 16:10,,,1,P,,Spike,,AR from LMSAL; Data corrected for spike,1/2/88 11:00,1/5/88 17:40
6,gsep_017,psep_028,,8/25/88 13:55,,,,,,,,,,,,8/23/88 17:57,8/23/88 18:00,3,-90,24,M2.4,,,,42,13.54,,,,1610000,,,,4.28,8/26/88 0:50,,,1,S,,,,,8/25/88 1:55,8/26/88 2:55
6,gsep_029,psep_039,,5/2/89 16:50,,,,,,,,,,,,5/2/89 16:04,5/2/89 16:35,31,-38,27,M1.4,5470,FALSE,,,3.13,,,,364000,,,,3.01,5/2/89 18:20,,,0,P,,,,AR from LMSAL,5/2/89 4:50,5/3/89 16:50
6,gsep_030,psep_040,,5/5/89 8:35,,,,,,,,,,,,5/4/89 11:06,5/4/89 11:31,25,36,-20,M5.4,5464,FALSE,,27,9.78,,,,349000,,,,9.66,5/5/89 10:40,,,1,P,,,,AR from LMSAL,5/4/89 20:35,5/5/89 20:15
6,gsep_031,psep_041,,5/6/89 1:20,,,,,,,,,,,,5/5/89 7:23,5/5/89 7:39,16,-1,30,X2.4,5470,FALSE,,110,41.15,,,,987000,,,,47.3,5/6/89 10:55,,,1,P,,,,AR from LMSAL,5/5/89 13:20,5/6/89 22:20
6,gsep_032,psep_042,,5/7/89 2:20,,,,,,,,,,,,5/6/89 16:55,5/6/89 17:02,7,-59,31,M4.2,5476,FALSE,,,18.29,,,,1390000,,,,17.5,5/7/89 13:50,,,0,P,Very complex ,,,AR from LMSAL; Data corrected for spike,5/6/89 14:20,5/8/89 3:20
6,gsep_033,psep_043,,5/22/89 18:30,,,,,,,,,,,,5/22/89 0:02,5/22/89 0:24,22,-16,-21,M5.7,5497,FALSE,,15,25.97,1.27,0.63,0.35,1940000,429000,228000,133000,10.9,5/23/89 13:45,,,1,S,,,,AR from LMSAL; Data corrected for spike,5/22/89 6:30,5/25/89 12:05
6,gsep_073,psep_081,,6/12/90 5:50,,,,,,,,,,,,6/12/90 4:29,6/12/90 4:34,5,33,10,M6.0,6089,FALSE,,79,69.56,2.31,0.48,,2790000,164000,62800,,79.3,6/12/90 17:00,,,1,P,,,,AR & Flare location from Kurt et al. (2004),6/11/90 17:50,6/13/90 15:30
6,gsep_119,psep_125,,5/8/92 16:45,,,,,,,,,,,,5/8/92 15:37,5/8/92 15:40,3,-8,-26,M7.4,7154,FALSE,,4600,3849.09,47.46,2.07,0.41,44600000,991000,228000,120000,4650,5/9/92 21:00,,,1,P,,,,AR from LMSAL,5/8/92 4:45,5/10/92 10:45
6,gsep_120,psep_126,,5/21/92 20:00,,,,,,,,,,,,5/21/92 18:05,5/21/92 18:10,5,-17,22,C3.6,7172,FALSE,,,1.55,,,,57400,,,,0.82,5/21/92 21:55,,,0,S,,,,AR from LMSAL; Data corrected for spike,5/21/92 8:00,5/22/92 17:00
6,gsep_121,psep_127,,5/24/92 9:30,,,,,,,,,,,,5/24/92 4:30,5/24/92 5:33,63,,,C1.1,,,,,4.08,,,,143000,,,,4.91,5/24/92 11:55,,,0,P,,,,Flare location unavailable,5/23/92 21:30,5/24/92 18:10
7,gsep_012,psep_023,,3/25/88 22:00,,,,,,,,,,,,3/25/88 21:41,3/25/88 21:54,13,90,22,C4.5,,,,58,25.09,5.03,1.66,0.75,467000,163000,86000,49300,33.2,3/25/88 23:10,,,1,P,,Brief data gap,,No flare according to Kurt et al. (2004),3/25/88 10:00,3/26/88 4:00
7,gsep_013,psep_024,,6/15/88 5:20,,,,,,,,,,,,6/15/88 4:40,6/15/88 4:52,12,59,-21,C3.3,5036,FALSE,,,4.48,,,,64700,,,,4.01,6/15/88 7:10,,,0,P,,Brief data gap,,AR from LMSAL; Secondary GOES Fail,6/14/88 17:20,6/15/88 13:40
7,gsep_014,psep_025,,6/30/88 9:15,,,,,,,,,,,,6/30/88 9:04,6/30/88 9:06,2,-22,-16,M9.2,5060,FALSE,,21,10.46,2.6,0.84,0.4,372000,111000,57800,33400,12.6,6/30/88 11:35,,,1,P,,,,AR & Flare location from Kurt et al. (2004); Secondary GOES Fail,6/29/88 21:15,7/1/88 1:50
7,gsep_015,psep_026,,7/20/88 7:00,,,,,,,,,,,,7/20/88 6:50,7/20/88 7:10,20,,,C1.5,,,,,2.19,,,,133000,,,,1.27,7/20/88 20:55,,,0,P,,,,Secondary GOES Fail; Flare location unavailable,7/19/88 19:00,7/21/88 7:00
7,gsep_016,psep_027,,7/26/88 21:40,,,,,,,,,,,,7/25/88 19:28,7/25/88 20:07,39,-50,-27,M1.5,5084,FALSE,,,2.12,,,,194000,,,,1.13,7/27/88 11:15,,,0,P,,,,AR from LMSAL; Secondary GOES Fail,7/26/88 9:40,7/27/88 18:40
7,gsep_018,psep_029,,10/12/88 3:40,,,,,,,,,,,,10/12/88 4:57,10/12/88 5:02,5,66,-20,X2.5,5175,FALSE,,12,6.41,1.77,0.75,0.39,199000,70100,34900,19500,6.97,10/12/88 10:45,,,1,P,,Brief data gap,,AR from LMSAL,10/11/88 15:40,10/12/88 20:40
7,gsep_019,psep_030,,11/8/88 13:50,,,,,,,,,,,,11/8/88 12:28,11/8/88 12:48,20,7,16,C3.0,5218,FALSE,,13,6.7,2.38,1.13,0.57,698000,256000,129000,70800,7.23,11/9/88 6:35,,,1,P,,,,AR from LMSAL,11/8/88 1:50,11/9/88 23:50
7,gsep_020,,,11/14/88 1:30,,,,,,,,,,,,11/13/88 22:52,11/13/88 23:09,17,27,-23,M3.2,5227,FALSE,,13,,,,,,,,,6.9,11/14/88 2:35,,,1,P,,,,,11/13/88 13:30,11/14/88 4:00
7,gsep_021,psep_031,,12/14/88 12:10,,,,,,,,,,,,12/14/88 10:44,12/14/88 10:46,2,-30,-16,C7.2,5273,FALSE,,,3.68,1.86,1.07,0.64,385000,198000,120000,71400,5.85,12/15/88 2:40,,,0,P,,,,AR from LMSAL,12/14/88 0:10,12/15/88 21:10
7,gsep_022,psep_032,,12/16/88 9:40,,,,,,,,,,,,12/16/88 8:38,12/16/88 8:41,3,-37,26,X4.7,5278,FALSE,,29,12.39,2.44,1.44,0.86,1510000,474000,258000,147000,51.4,12/16/88 14:10,,,1,P,,,,Data corrected for spike,12/15/88 21:40,12/19/88 0:30
7,gsep_023,psep_033,,1/4/89 21:15,,,,,,,,,,,,1/4/89 16:03,1/4/89 17:53,110,60,-20,M4.7,5303,FALSE,,28,10.43,,,,367000,,,,10.6,1/5/89 1:30,,,1,P,,Brief data gap,,AR from LMSAL,1/4/89 9:15,1/5/89 9:15
7,gsep_024,psep_034,,3/8/89 4:00,,,,,,,,,,,,3/6/89 13:54,3/6/89 14:15,21,-69,35,X5,5395,FALSE,,,111.85,3.89,,,8230000,462000,,,138,3/9/89 23:55,,,0,P,,Brief data gap,,AR & Flare location from Kurt et al. (2004),3/7/89 16:00,3/10/89 22:00
7,gsep_025,psep_035,,3/12/89 19:25,,,,,,,,,,,,3/10/89 18:48,3/10/89 18:50,2,-22,31,X4.5,5395,FALSE,,3500,3641.16,58.29,1.92,0.47,27900000,1100000,243000,112000,1860,3/13/89 7:45,,,1,S,,Brief data gap,,AR & Flare location from Kurt et al. (2004),3/12/89 7:25,3/13/89 16:15
7,gsep_026,psep_036,,3/17/89 18:20,,,,,,,,,,,,3/17/89 17:29,3/17/89 17:37,8,60,33,X6.5,5395,FALSE,,2000,896.12,46.16,2.11,,39800000,1480000,165000,,1250,3/18/89 9:20,,,1,P,Taken by 4,Brief data gap,,AR & Flare location from Kurt et al. (2004),3/17/89 6:20,3/19/89 12:20
7,gsep_027,psep_037,,3/23/89 20:30,,,,,,,,,,,,3/23/89 19:25,3/23/89 19:37,12,28,18,X1.5,5409,FALSE,,53,23.27,4.71,1.09,0.4,725000,109000,40800,21000,29.7,3/23/89 22:20,,,1,P,,Brief data gap,,AR & Flare location from Kurt et al. (2004),3/23/89 8:30,3/24/89 8:30
7,gsep_028,psep_038,,4/10/89 21:00,,,,,,,,,,,,4/9/89 0:44,4/9/89 0:59,15,-29,35,X3.5,5441,FALSE,,450,177.27,5,,,13900000,612000,,,218,4/12/89 0:05,,,1,P,,,,AR from LMSAL,4/10/89 9:00,4/15/89 1:00
7,gsep_034,psep_044,,6/18/89 15:00,,,,,,,,,,,,6/18/89 16:19,6/18/89 16:22,3,57,15,C6.8,5528,FALSE,,18,9.24,2.78,0.92,0.39,265000,115000,61900,35200,10.8,6/18/89 20:25,,,1,P,,,,AR from LMSAL,6/18/89 3:00,6/19/89 0:00
7,gsep_035,psep_045,,6/20/89 21:20,,,,,,,,,,,,,,,,, ,,,,,1.11,0.62,0.38,0.24,31000,18000,11500,7010,1.41,6/21/89 1:25,,,0,P,,,,,6/20/89 9:20,6/21/89 8:20
7,gsep_036,psep_046,,6/29/89 4:45,,,,,,,,,,,,6/29/89 2:54,6/29/89 3:15,21,28,28,C7.3,5555,FALSE,,,4.79,,,,92400,,,,4.54,6/29/89 9:45,,,0,P,,,,AR from LMSAL,6/28/89 16:45,6/29/89 15:35
7,gsep_037,psep_047,,6/29/89 20:45,,,,,,,,,,,,6/29/89 21:08,6/29/89 21:18,10,44,28,M3.7,5555,FALSE,,,5.9,,,,196000,,,,3.03,6/30/89 7:15,,,0,S,,,,AR from LMSAL; Data corrected for spike,6/29/89 8:45,6/30/89 17:25
7,gsep_038,psep_048,,6/30/89 20:20,,,,,,,,,,,,6/30/89 17:36,6/30/89 17:47,11,24,19,M2.1,5569,FALSE,,17,6.59,,,,295000,,,,6.14,7/1/89 7:20,,,1,P,,Spike,,AR from LMSAL; Data corrected for spike,6/30/89 8:20,7/1/89 21:20
7,gsep_039,psep_049,,7/25/89 9:05,,,,,,,,,,,,7/25/89 8:39,7/25/89 8:43,4,84,25,X2.6,5603,FALSE,,54,31.11,14.71,7.08,3.61,1240000,467000,208000,102000,32,7/25/89 12:20,,,1,P,,,,AR from LMSAL,7/24/89 21:05,7/26/89 1:05
7,gsep_040,psep_050,,8/12/89 15:30,,,,,,,,,,,,8/12/89 13:57,8/12/89 14:24,27,37,-16,X2.6,5629,FALSE,,9200,4749.12,999.31,137.96,21.66,330000000,49100000,5110000,704000,6550,8/13/89 7:05,,,1,P,,,,AR from LMSAL,8/12/89 3:30,8/14/89 17:30
7,gsep_041,,,8/15/89 6:30,,,,,,,,,,,,8/15/89 1:42,8/15/89 2:17,35,73,-16,X1.0,5629,FALSE,,,316,,,,,,,,351,8/15/89 17:25,,,0,P,,,,AR & Flare location from Kurt et al. (2004),8/14/89 18:30,8/16/89 5:25
7,gsep_042,psep_051,,8/16/89 1:30,,,,,,,,,,,,8/16/89 1:08,8/16/89 1:17,9,84,-18,X20,5629,FALSE,,,1090.87,204.32,65.29,28.63,66600000,10800000,2630000,968000,1430,8/16/89 14:25,,,0,P,,,,AR from LMSAL,8/15/89 13:30,8/17/89 7:00
7,gsep_043,psep_052,,8/17/89 7:05,,,,,,,,,,,,8/17/89 1:32,8/17/89 1:35,3,88,-17,X2.9,5629,FALSE,,,755.27,143.04,26.45,6.69,40100000,6940000,1270000,330000,986,8/17/89 9:45,,,0,P,Taken by 6,,,AR from LMSAL,8/16/89 19:05,8/19/89 9:15
7,gsep_044,psep_053,,8/19/89 19:25,,,,,,,,,,,,8/19/89 19:11,8/19/89 19:46,45,125,-18,,5645,FALSE,,,229.25,25.81,5.06,1.5,9390000,1250000,268000,86300,285,8/20/89 1:55,,,0,P,Taken by 6,,,AR & Flare location from Kurt et al. (2004),8/19/89 7:25,8/20/89 20:25
7,gsep_045,psep_054,,8/22/89 5:10,,,,,,,,,,,,8/22/89 2:05,8/22/89 2:08,3,-25,-20,C3.4,5652,FALSE,,,21.7,2.75,0.69,0.3,4110000,725000,229000,105000,27.3,8/23/89 22:45,,,0,P,Taken by 6,,,AR from LMSAL,8/21/89 17:10,8/25/89 16:10
7,gsep_046,psep_055,,8/31/89 14:15,,,,,,,,,,,,8/31/89 9:32,8/31/89 9:35,3,-58,-17,C3.7,5669,FALSE,,,3.91,,,,441000,,,,5.11,9/1/89 6:40,,,0,P,No meanigful ,,,AR from LMSAL,8/31/89 2:15,9/2/89 0:05
7,gsep_047,psep_056,,9/4/89 1:10,,,,,,,,,,,,9/3/89 14:28,9/3/89 14:31,3,-16,-18,X1.2,5669,FALSE,,44,16.77,,,,1140000,,,,16.9,9/4/89 9:20,,,1,P,,Brief data gap,,AR from LMSAL; Data corrected for spike,9/3/89 13:10,9/5/89 2:10
7,gsep_048,psep_057,,9/12/89 13:30,,,,,,,,,,,,9/13/89 3:29,9/13/89 3:38,9,-6,16,M3.6,5686,FALSE,,57,25.6,2.08,,,1560000,172000,,,32.5,9/13/89 8:25,,,1,P,,Brief data gap,,AR from LMSAL,9/12/89 1:30,9/13/89 23:30
7,gsep_049,psep_058,,9/29/89 11:50,,,,,,,,,,,,9/29/89 10:00,9/29/89 10:05,5,90,-32,X9.8,5698,FALSE,,4500,2434.72,864.37,340.86,148.18,255000000,71300000,22100000,8410000,2960,9/30/89 2:10,,,1,P,Taken by 5,Brief data gap,,AR & Flare location from Kurt et al. (2004),9/28/89 23:50,10/1/89 12:50
7,gsep_050,,,10/6/89 0:50,,,,,,,,,,,,10/5/89 19:06,10/5/89 19:13,7,-39,30,C3.2,5721,FALSE,,22,,,,,,,,,26,10/6/89 4:20,,,1,P,,,,AR from LMSAL; Data corrected for spike,10/5/89 12:50,10/6/89 21:40
7,gsep_051,psep_059,,10/19/89 12:55,,,,,,,,,,,,10/19/89 12:29,10/19/89 12:39,10,-9,-25,X13,5747,FALSE,,40000,33667.42,4602.76,963.04,287.19,811000000,120000000,31300000,1760000,42200,10/20/89 16:00,,,1,P,,,,AR & Flare location from Kurt et al. (2004),10/19/89 0:55,10/21/89 12:30
7,gsep_052,psep_060,,10/22/89 16:30,,,,,,,,,,,,10/22/89 17:08,10/22/89 17:19,11,32,-27,X2.9,5747,FALSE,,,4071.13,805.69,218.41,121.08,278000000,56300000,14200000,4800000,5330,10/23/89 7:15,,,0,P,Taken by 6,,,AR & Flare location from Kurt et al. (2004),10/22/89 4:30,10/24/89 17:30
7,gsep_053,psep_061,,10/24/89 19:00,,,,,,,,,,,,10/24/89 17:36,10/24/89 17:48,12,57,-29,X3.7,5747,FALSE,,,1975.19,421.96,147.68,68.86,147000000,26100000,8380000,3690000,2530,10/25/89 2:10,,,0,P,Taken by 6,,,AR & Flare location from Kurt et al. (2004),10/24/89 7:00,10/26/89 21:00
7,gsep_054,psep_062,,10/29/89 5:20,,,,,,,,,,,,10/29/89 2:21,10/29/89 4:51,150,,,M4.0,,,,,23.47,7.14,3.01,1.38,1740000,587000,270000,133000,24.8,10/29/89 9:50,,,0,P,,,,Flare data from LMSAL; Over the limb event,10/28/89 17:20,10/30/89 15:10
7,gsep_055,psep_063,,11/1/89 19:20,,,,,,,,,,,,11/1/89 15:11,11/1/89 15:14,3,-51,-17,C8.4,5772,FALSE,,,4.72,,,,1090000,,,,4.98,11/2/89 23:10,,,0,P,Taken by 4,,,AR from LMSAL,11/1/89 7:20,11/3/89 21:20
7,gsep_056,psep_064,,11/6/89 18:45,,,,,,,,,,,,11/6/89 13:43,11/6/89 13:45,2,-19,20,M9.2,5776,FALSE,,,5.18,,,,577000,,,,5.66,11/7/89 1:00,,,0,P,Taken by 4,,,AR from LMSAL,11/6/89 6:45,11/7/89 19:45
7,gsep_057,psep_065,,11/8/89 19:50,,,,,,,,,,,,11/8/89 18:56,11/8/89 19:02,6,57,20,M9.8,5769,FALSE,,43,14.24,,,,480000,,,,15.5,11/9/89 4:45,,,1,P,,,,AR from LMSAL,11/8/89 7:50,11/9/89 16:50
7,gsep_058,psep_066,,11/15/89 7:05,,,,,,,,,,,,11/15/89 6:38,11/15/89 6:56,18,28,11,X3.2,5786,FALSE,,71,4.85,1.59,0.7,0.32,372000,111000,55700,30800,38.3,11/15/89 9:05,,,1,P,,,,AR & Flare location from Kurt et al. (2004),11/14/89 19:05,11/15/89 23:50
7,gsep_059,psep_067,,11/26/89 11:00,,,,,,,,,,,,11/25/89 22:55,11/25/89 23:24,29,-5,30,X1.0,5800,FALSE,,380,140.78,3.64,0.44,,4610000,205000,78100,,165,11/28/89 11:05,,,1,P,"Taken by 4,5",,,AR from LMSAL,11/25/89 23:00,11/29/89 6:00
7,gsep_060,psep_068,,11/30/89 13:15,,,,,,,,,,,,11/30/89 11:45,11/30/89 12:25,40,52,24,X2.6,5800,FALSE,,7300,2857.19,111.23,5.66,0.88,137000000,6020000,418000,79100,3590,12/1/89 13:30,,,1,P,,,,AR from LMSAL,11/30/89 1:15,12/2/89 7:15
7,gsep_061,psep_069,,3/19/90 5:55,,,,,,,,,,,,3/19/90 4:39,3/19/90 5:08,29,43,31,X1.5,5969,FALSE,,950,697.29,20.51,1.05,,31400000,605000,89200,,946,3/19/90 23:15,,,1,P,,Brief data gap,,AR from LMSAL,3/18/90 17:55,3/20/90 20:55
7,gsep_062,psep_070,,3/28/90 13:50,,,,,,,,,,,,3/28/90 7:31,3/28/90 7:45,14,37,-4,M4.2,5988,FALSE,,16,2.14,,,,103000,,,,15.9,3/29/90 10:05,,,1,P,,Brief data gap,,AR from LMSAL,3/28/90 1:50,3/29/90 14:50
7,gsep_063,psep_071,,4/7/90 0:45,,,,,,,,,,,,4/7/90 15:11,4/7/90 15:32,21,-62,32,C9.5,6012,FALSE,,18,15.31,,,,1640000,,,,19.2,4/8/90 13:55,,,1,P,Taken by 4,Brief data gap,,AR from LMSAL,4/6/90 12:45,4/9/90 2:45
7,gsep_064,psep_072,,4/11/90 7:05,,,,,,,,,,,,4/10/90 11:44,4/10/90 11:50,6,4,24,M1.1,6007,FALSE,,13,13.54,,,,232000,,,,13.5,4/11/90 21:20,,,1,P,Taken by 4,,,AR from LMSAL,4/10/90 19:05,4/12/90 0:05
7,gsep_065,psep_073,,4/15/90 11:20,,,,,,,,,,,,4/15/90 2:30,4/15/90 2:57,17,-54,32,X1.0,6022,FALSE,,12,10.53,,,,1880000,,,,12.1,4/17/90 7:00,,,1,P,Taken by 4,,,AR & Flare location from Kurt et al. (2004),4/14/90 23:20,4/18/90 14:00
7,gsep_066,psep_074,,4/28/90 2:30,,,,,,,,,,,,4/28/90 0:23,4/28/90 0:24,1,,,,,,,150,110.84,9.79,0.99,,4570000,291000,54900,,149,4/28/90 17:35,,,1,P,Probably a limb event ,,,Flare data from Kurt et al. (2004); Over the limb event,4/27/90 14:30,4/29/90 11:30
7,gsep_067,psep_075,,5/10/90 21:10,,,,,,,,,,,,5/10/90 19:18,5/10/90 19:30,12,-95,29,X3.4,,,,,2,,,,209000,,,,1.68,5/11/90 4:35,,,0,P,Taken by 4,,,,5/10/90 9:10,5/11/90 21:10
7,gsep_068,psep_076,,5/17/90 18:10,,,,,,,,,,,,5/15/90 12:46,5/15/90 13:10,24,-38,42,X1.7,6063,FALSE,,,5.82,,,,754000,,,,6.03,5/19/90 3:05,,,0,P,Taken by 4,,,AR from LMSAL,5/17/90 6:10,5/20/90 12:10
7,gsep_069,psep_077,,5/21/90 22:25,,,,,,,,,,,,5/21/90 22:12,5/21/90 22:17,5,37,34,X5.0,6063,FALSE,,410,333.53,71.91,25.35,10.65,8670000,2280000,816000,352000,409,5/22/90 7:50,,,1,P,,,,AR & Flare location from Kurt et al. (2004),5/21/90 10:25,5/23/90 7:25
7,gsep_070,psep_078,,5/24/90 20:35,,,,,,,,,,,,5/24/90 20:46,5/24/90 20:49,3,76,36,X9.3,6063,FALSE,,180,147.53,35.62,20.29,11.34,8380000,2350000,984000,473000,177,5/25/90 1:15,,,1,P,,,,AR & Flare location from Kurt et al. (2004),5/24/90 8:35,5/26/90 20:55
7,gsep_071,psep_079,,5/26/90 21:10,,,,,,,,,,,,5/26/90 20:45,5/26/90 20:58,13,104,33,X1.4,,,,,84.68,33.56,15.96,7.93,3090000,1140000,510000,249000,88.9,5/27/90 1:20,,,0,P,Taken by 4,,,,5/26/90 9:10,5/27/90 13:10
7,gsep_072,psep_080,,5/28/90 5:20,,,,,,,,,,,,5/28/90 5:15,5/28/90 5:21,6,121,33,,,,,45,39.01,12.26,5.21,2.66,4960000,1500000,632000,304000,45.3,5/29/90 1:00,,,1,P,Taken by 6,,,,5/27/90 17:20,5/30/90 17:20
7,gsep_074,psep_082,,7/13/90 14:15,,,,,,,,,,,,7/12/90 13:41,7/12/90 13:48,7,11,-10,M1.2,6151,FALSE,,,3.69,,,,215000,,,,3.2,7/13/90 23:35,,,0,P,Taken by 4,Brief data gap,,AR from LMSAL,7/13/90 2:15,7/14/90 15:15
7,gsep_075,psep_083,,7/25/90 23:55,,,,,,,,,,,,7/25/90 22:21,7/25/90 22:32,11,-56,-14,M2.3,6174,FALSE,,21,17.76,2.24,0.78,0.35,2500000,324000,130000,68300,20.9,7/26/90 23:15,,,1,P,Taken by 6,,,AR & Flare location from Kurt et al. (2004),7/25/90 11:55,7/28/90 18:55
7,gsep_076,psep_084,,7/30/90 15:00,,,,,,,,,,,,7/30/90 6:33,7/30/90 7:32,59,-45,20,M4.4,6180,FALSE,,230,183.38,6,0.64,,11000000,592000,163000,,227,8/1/90 20:45,,,1,P,Taken by 5,,,AR from LMSAL,7/30/90 3:00,8/3/90 20:00
7,gsep_077,psep_085,,8/12/90 23:25,,,,,,,,,,,,8/10/90 18:09,8/10/90 18:14,5,-72,20,M7.9,6203,FALSE,,,5.03,,,,531000,,,,4.76,8/13/90 15:05,,,0,P,Taken by 4,,,AR from LMSAL,8/12/90 11:25,8/14/90 0:05
7,gsep_078,psep_086,,1/27/91 20:25,,,,,,,,,,,,1/27/91 14:40,1/27/91 14:42,2,-59,-14,X1.9,6471,FALSE,,,4.98,,,,638000,,,,6.81,1/28/91 3:30,,,0,P,,,,AR from LMSAL,1/27/91 8:25,1/29/91 4:55
7,gsep_079,psep_087,,1/31/91 5:00,,,,,,,,,,,,1/31/91 1:57,1/31/91 2:00,13,35,17,X1.0,6462,FALSE,,240,200,3.35,0.51,,5970000,176000,75500,,242,1/31/91 16:20,,,1,P,,Brief data gap,,AR & Flare location from Kurt et al. (2004),1/30/91 17:00,2/1/91 6:00
7,gsep_080,psep_088,,2/8/91 8:50,,,,,,,,,,,,2/8/91 6:29,2/8/91 7:48,79,,,M4.7,,,,,8.17,,,,444000,,,,9.46,2/8/91 11:05,,,0,P,,,,Flare location unavailable,2/7/91 20:50,2/9/91 1:50
7,gsep_081,psep_089,,2/25/91 9:00,,,,,,,,,,,,2/25/91 8:09,2/25/91 8:22,13,80,-16,X1.2,6497,FALSE,,13,10.73,1.09,,,515000,129000,,,12.8,2/25/91 13:05,,,1,P,,,,AR & Flare location from Kurt et al. (2004),2/24/91 21:00,2/25/91 17:00
7,gsep_082,psep_090,,3/12/91 16:50,,,,,,,,,,,,3/12/91 12:28,3/12/91 12:50,22,-59,-7,X1.7,6545,FALSE,,,8.3,1.18,,,1030000,190000,,,9.93,3/13/91 11:20,,,0,P,,Brief data gap,,AR from LMSAL,3/12/91 4:50,3/14/91 18:50
7,gsep_083,psep_091,,3/16/91 15:00,,,,,,,,,,,,3/16/91 10:52,3/16/91 10:54,2,-5,-14,M4.8,6545,FALSE,,,2.26,,,,179000,,,,1.9,3/17/91 6:05,,,0,P,,Brief data gap,,AR from LMSAL,3/16/91 3:00,3/18/91 0:00
7,gsep_084,psep_092,,3/23/91 6:30,,,,,,,,,,,,3/22/91 22:43,3/22/91 22:47,4,-28,-26,X9.4,6555,FALSE,,43000,32113.12,5051.46,492.45,58.54,584000000,81800000,7540000,930000,43500,3/24/91 3:50,,,1,P,Taken by 6,Brief data gap,,AR from LMSAL,3/22/91 18:30,3/24/91 15:30
7,gsep_085,,,3/29/91 21:20,,,,,,,,,,,,,,,,,,,,,20,,,,,,,,,20.4,3/30/91 3:30,,,1,P,,,,Flare location unavailable; Data Gap,3/29/91 9:20,3/30/91 13:30
7,gsep_086,psep_093,,3/31/91 21:25,,,,,,,,,,,,3/31/91 19:11,3/31/91 19:16,5,88,-22,X1.0,6555,FALSE,,,3.04,,,,344000,,,,25.5,4/3/91 9:10,,,0,P,,Brief data gap,,AR from LMSAL,3/31/91 9:25,4/3/91 10:05
7,gsep_087,psep_094,,4/3/91 10:00,,,,,,,,,,,,4/2/91 22:51,4/2/91 23:20,29,0,14,M6.1,6562,FALSE,,52,45.61,1.65,,,5090000,409000,,,52.4,4/4/91 10:00,,,1,P,Taken by 5,Brief data gap,,AR & Flare location from Kurt et al. (2004),4/2/91 22:00,4/6/91 23:00
7,gsep_088,psep_095,,4/17/91 3:50,,,,,,,,,,,,4/16/91 18:50,4/16/91 18:57,7,46,28,C3.3,6580,FALSE,,,1.3,,,,27100,,,,0.643,4/17/91 10:20,,,0,P,,,,AR from LMSAL,4/16/91 15:50,4/18/91 7:50
7,gsep_089,psep_096,,4/22/91 8:35,,,,,,,,,,,,4/22/91 7:07,4/22/91 7:08,1,90,-28,C5.9,6582,FALSE,,,3.93,,,,410000,,,,5.51,4/23/91 11:00,,,0,P,,,,AR from LMSAL,4/21/91 20:35,4/23/91 14:35
7,gsep_090,psep_097,,5/10/91 6:50,,,,,,,,,,,,5/10/91 5:06,5/10/91 5:16,10,,,C5.6,,,,,4.84,,,,409000,,,,5.16,5/10/91 22:40,,,0,P,,,,Flare location unavailable,5/9/91 18:50,5/11/91 15:50
7,gsep_091,psep_098,,5/13/91 2:10,,,,,,,,,,,,5/13/91 1:35,5/13/91 1:44,41,90,-7,M8.2,6615,FALSE,,350,274.11,34.19,8.78,3.36,8820000,972000,227000,85700,358,5/13/91 9:05,,,1,P,,,,AR & Flare location from Kurt et al. (2004),5/12/91 14:10,5/14/91 3:10
7,gsep_092,psep_099,,5/18/91 11:10,,,,,,,,,,,,5/18/91 5:06,5/18/91 5:46,40,85,32,X2.8,6619,FALSE,,,6.38,1.18,,,286000,,,,7.8,5/19/91 3:10,,,0,P,,,,AR from LMSAL,5/17/91 23:10,5/19/91 15:35
7,gsep_093,psep_100,,5/19/91 15:35,,,,,,,,,,,,5/19/91 13:44,5/19/91 13:59,15,-17,-11,M1.2,6633,FALSE,,,6.7,,,,380000,,,,7.78,5/20/91 6:40,,,0,P,,,,AR from LMSAL,5/19/91 3:35,5/20/91 20:00
7,gsep_094,psep_101,,5/20/91 20:00,,,,,,,,,,,,,,,,, ,,,,,4.68,,,,582000,,,,4.69,5/21/91 11:10,,,0,P,No flare reported this day ,,,,5/20/91 8:00,5/23/91 8:40
7,gsep_095,psep_102,,5/23/91 8:55,,,,,,,,,,,,5/23/91 4:19,5/23/91 4:32,13,,,C5.1,,,,,5.79,,,,1130000,,,,5.43,5/23/91 23:15,,,0,P,,,,Flare location unavailable,5/22/91 20:55,5/24/91 20:55
7,gsep_096,psep_103,,5/31/91 5:20,,,,,,,,,,,,5/31/91 2:32,5/31/91 2:44,12,-21,7,,6654,FALSE,,22,20.68,1.12,,,1530000,108000,,,22.9,6/1/91 5:00,,,1,P,,,,AR & Flare location from Kurt et al. (2004),5/30/91 17:20,6/4/91 13:10
7,gsep_097,,,6/2/91 15:30,,,,,,,,,,,,6/2/91 13:50,6/2/91 14:08,18,20,-8,M2.8,6652,FALSE,,,18,,,,,,,,21.4,6/2/91 21:15,,,0,P,,,,AR & Flare location from Kurt et al. (2004),6/2/91 3:30,6/3/91 9:15
7,gsep_098,psep_104,,6/4/91 13:15,,,,,,,,,,,,6/4/91 3:37,, ,-70,30,X12,6659,FALSE,,,45.61,9.64,3.55,1.53,1720000,373000,137000,58700,94.4,6/4/91 15:35,,,1,P,,,,Flare data from Kurt et al. (2004),6/4/91 1:15,6/5/91 13:10
7,gsep_099,psep_105,,6/5/91 13:10,,,,,,,,,,,,6/5/91 11:36,6/5/91 11:48,12,,,C2.9,,,,,184.24,35.39,8.68,2.65,39200000,7750000,1980000,633000,224,6/7/91 4:00,,,1,P,,,,Flare location unavailable,6/5/91 1:10,6/11/91 2:20
7,gsep_100,psep_106,,6/11/91 2:30,,,,,,,,,,,,6/11/91 2:09,6/11/91 2:29,20,17,31,X12,6659,FALSE,,3000,2282.42,448.18,93.99,25.55,96900000,18400000,4250000,1240000,3010,6/11/91 14:20,,,1,P,,,,AR & Flare location from Kurt et al. (2004),6/10/91 14:30,6/13/91 20:30
7,gsep_101,psep_107,,6/14/91 23:40,,,,,,,,,,,,6/15/91 6:33,6/15/91 8:20,107,70,36,X12,6659,FALSE,,1400,1029.4,187.98,73.25,39.49,66400000,12600000,3060000,1090000,1420,6/15/91 19:55,,,1,P,,,,AR & Flare location from Kurt et al. (2004),6/14/91 11:40,6/16/91 18:50
7,gsep_102,psep_108,,6/29/91 21:00,,,,,,,,,,,,6/29/91 15:39,6/29/91 15:42,3,-90,28,M1.6,6703,FALSE,,,21.53,2.91,,,1390000,225000,,,25.9,6/30/91 20:30,,,0,P,Taken by 4,,,AR & Flare data from LMSAL,6/29/91 9:00,7/1/91 7:00
7,gsep_103,psep_109,,7/1/91 7:00,,,,,,,,,,,,7/1/91 1:26,7/1/91 2:34,68,-78,28,M5.8,6703,FALSE,,110,84.37,6.03,0.95,,11400000,902000,189000,,106,7/2/91 10:10,,,1,P,,,,AR & Flare location from Kurt et al. (2004),6/30/91 19:00,7/5/91 15:00
7,gsep_104,psep_110,,7/7/91 4:20,,,,,,,,,,,,7/7/91 1:20,7/7/91 1:23,3,0,28,X1.9,6693,FALSE,,2300,2001.58,13.48,,,77600000,781000,,,2310,7/8/91 16:50,,,1,P,,Brief data gap,,AR & Flare location from Kurt et al. (2004),7/6/91 16:20,7/9/91 7:20
7,gsep_105,psep_111,,7/10/91 19:10,,,,,,,,,,,,7/10/91 11:59,7/10/91 12:07,8,-32,-22,M3.6,6718,FALSE,,30,24.38,0.98,,,1500000,118000,,,30.2,7/11/91 4:50,,,1,P,Taken by 5,,,AR & Flare location from Kurt et al. (2004),7/10/91 7:10,7/12/91 15:35
7,gsep_106,psep_112,,8/25/91 8:30,,,,,,,,,,,,8/25/91 0:26,8/25/91 0:49,23,-77,24,X2.1,6805,FALSE,,240,193.86,5.09,0.63,,9120000,437000,173000,,236,8/27/91 18:30,,,1,P,Taken by 5,,,AR & Flare location from Kurt et al. (2004),8/24/91 20:30,8/28/91 14:30
7,gsep_107,psep_113,,9/6/91 9:40,,,,,,,,,,,,9/5/91 21:21,9/5/91 22:04,43,37,-19,M2.9,6811,FALSE,,,3.93,,,,283000,,,,3.77,9/6/91 23:20,,,0,P,Taken by 4,,,AR from LMSAL,9/5/91 21:40,9/7/91 20:40
7,gsep_108,psep_114,,9/29/91 23:40,,,,,,,,,,,,9/29/91 15:13,9/29/91 15:31,18,-32,-21,M7.3,6853,FALSE,,12,11.43,1.11,,,1270000,259000,,,12.4,10/1/91 18:10,,,1,P,Taken by 5,Brief data gap,,AR from LMSAL,9/29/91 11:40,10/2/91 14:20
7,gsep_109,psep_115,,10/28/91 5:30,,,,,,,,,,,,10/27/91 5:38,10/27/91 5:49,11,-15,-13,X6.1,6891,FALSE,,40,32.88,,,,423000,,,,39.8,10/28/91 14:40,,,1,P,Taken by 5,,,AR from LMSAL,10/27/91 17:30,10/28/91 22:10
7,gsep_110,psep_116,,10/30/91 6:55,,,,,,,,,,,,10/30/91 6:11,10/30/91 6:21,10,25,-8,X2.5,6891,FALSE,,94,71.84,11.03,4.27,2.02,1970000,520000,212000,,94,10/30/91 8:10,,,1,P,,,,AR from LMSAL,10/29/91 18:55,11/1/91 0:00
7,gsep_111,psep_117,,12/21/91 13:50,,,,,,,,,,,,12/21/91 8:13,12/21/91 8:13,0,74,-6,C5.2,6966,FALSE,,,2.03,,,,246000,,,,1.71,12/22/91 11:15,,,0,P,Taken by 4,,,AR from LMSAL,12/21/91 1:50,12/22/91 22:50
7,gsep_112,psep_118,,12/29/91 0:05,,,,,,,,,,,,12/28/91 21:08,12/28/91 21:12,4,47,-16,M7.8,6982,FALSE,,,2.73,,,,212000,,,,2.88,12/29/91 7:40,,,0,P,Taken by 4,,,AR from LMSAL,12/28/91 12:05,12/29/91 16:55
7,gsep_113,psep_119,,2/6/92 17:40,,,,,,,,,,,,2/6/92 9:28,2/6/92 10:28,60,10,-13,M4.4,7042,FALSE,,78,69.05,1.05,,,3770000,166000,,,77.8,2/7/92 11:15,,,1,P,,,,AR from LMSAL,2/6/92 5:40,2/9/92 7:40
7,gsep_114,psep_120,,2/17/92 10:05,,,,,,,,,,,,2/17/92 9:53,2/17/92 9:57,4,39,12,C3.6,7058,FALSE,,,4.25,,,,92700,,,,4.14,2/17/92 12:50,,,0,P,,,,AR from LMSAL,2/16/92 22:05,2/17/92 18:05
7,gsep_115,psep_121,,2/26/92 5:10,,,,,,,,,,,,2/26/92 1:41,2/26/92 1:43,2,90,-16,M1.3,7073,FALSE,,,2.66,,,,145000,,,,1.97,2/26/92 17:50,,,0,P,,,,AR from LMSAL,2/25/92 17:10,2/26/92 21:10
7,gsep_116,psep_122,,2/27/92 10:30,,,,,,,,,,,,2/27/92 9:22,2/27/92 12:56,214,2,6,X3.3,7070,FALSE,,,7.08,,,,282000,,,,7.31,2/27/92 19:05,,,0,P,,,,AR from LMSAL,2/26/92 22:30,2/27/92 23:10
7,gsep_117,psep_123,,3/16/92 4:35,,,,,,,,,,,,3/15/92 1:21,3/15/92 1:46,25,-29,-14,M7.8,7100,FALSE,,10,9.11,1.61,0.59,,666000,188000,96300,,10.4,3/16/92 9:00,,,1,P,,Brief data gap,,AR from LMSAL,3/15/92 16:35,3/17/92 5:30
7,gsep_118,psep_124,,4/21/92 1:30,,,,,,,,,,,,4/21/92 0:48,4/21/92 0:59,11,-28,-16,C7.1,7135,FALSE,,,2.57,,,,148000,,,,2.15,4/21/92 2:55,,,0,P,,,,AR from LMSAL,4/20/92 13:30,4/21/92 9:30
7,gsep_122,psep_128,,6/25/92 20:15,,,,,,,,,,,,6/25/92 17:49,6/25/92 17:55,6,69,9,X3.9,7205,FALSE,,390,284.72,41.91,17.2,7.74,18000000,2650000,664000,271000,389,6/26/92 6:15,,,1,P,,,,AR & Flare location from Kurt et al. (2004),6/25/92 8:15,6/27/92 18:15
7,gsep_123,,,6/28/92 9:00,,,,,,,,,,,,6/28/92 5:14,6/28/92 5:20,6,90,11,X1.8,7205,FALSE,,,20,,,,,,,,25.8,6/29/92 2:45,,,0,P,,,,AR & Flare location from Kurt et al. (2004),6/27/92 21:00,6/29/92 14:45
7,gsep_124,psep_129,,8/5/92 20:10,,,,,,,,,,,,8/3/92 6:29,8/3/92 7:02,33,-68,-9,M4.8,7248,FALSE,,14,13.12,1.2,,,825000,205000,,,14.2,8/6/92 12:10,,,1,P,Taken by 5,,,AR from LMSAL,8/5/92 8:10,8/7/92 5:10
7,gsep_125,psep_130,,10/30/92 18:25,,,,,,,,,,,,10/30/92 17:02,10/30/92 17:30,28,61,-22,X1.7,7321,FALSE,,2700,1962.07,363.46,42.12,6.72,157000000,20600000,2040000,292000,2680,10/31/92 7:10,,,1,P,,,,AR & Flare location from Kurt et al. (2004),10/30/92 6:25,11/1/92 12:05
7,gsep_126,psep_131,,11/2/92 3:10,,,,,,,,,,,,11/2/92 3:10,11/2/92 3:14,4,90,-23,X9.0,7321,FALSE,,,904.72,301.43,137.96,65.74,56600000,14300000,4540000,1730000,1060,11/2/92 9:10,,,0,P,Taken by 4,,,AR & Flare location from Kurt et al. (2004),11/1/92 15:10,11/3/92 12:50
7,gsep_127,psep_132,,11/23/92 20:50,,,,,,,,,,,,11/23/92 20:18,11/23/92 20:29,11,89,-8,M4.4,7342,FALSE,,,2.73,,,,170000,,,,2.84,11/23/92 22:15,,,0,P,,,,AR from LMSAL,11/23/92 8:50,11/24/92 5:50
7,gsep_128,psep_133,,11/29/92 10:40,,,,,,,,,,,,11/29/92 8:15,11/29/92 8:58,43,,,C9.1,,,,,7.76,1.12,,,420000,167000,,,8.57,11/29/92 15:20,,,0,P,,,,Flare location unavailable,11/28/92 22:40,11/30/92 3:00
7,gsep_129,psep_134,,3/4/93 12:40,,,,,,,,,,,,3/4/93 12:14,3/4/93 12:22,8,55,-13,C8.1,7434,FALSE,,17,14.22,3.43,1.35,0.61,671000,199000,99200,55800,17.1,3/4/93 16:15,,,1,P,,Brief data gap,,AR & Flare location from Kurt et al. (2004),3/4/93 0:40,3/5/93 5:20
7,gsep_130,psep_135,,3/6/93 21:15,,,,,,,,,,,,3/6/93 20:14,3/6/93 20:33,19,-29,-4,M7.7,7440,FALSE,,,9.73,1.61,,,770000,232000,,,10.8,3/7/93 7:10,,,0,P,,Brief data gap,,AR from LMSAL,3/6/93 9:15,3/7/93 18:15
7,gsep_131,psep_136,,3/12/93 18:30,,,,,,,,,,,,3/12/93 17:03,3/12/93 18:01,58,48,-3,M7.0,7440,FALSE,,44,35.13,7.67,2.87,1.32,1640000,357000,148000,75900,44,3/13/93 1:55,,,1,P,,Brief data gap,,AR & Flare location from Kurt et al. (2004),3/12/93 6:30,3/13/93 15:30
7,gsep_132,psep_137,,6/7/93 15:15,,,,,,,,,,,,6/7/93 13:54,6/7/93 14:22,28,30,-10,M5.4,7518,FALSE,,,5.66,1.74,,,247000,93300,,,6.18,6/7/93 18:35,,,0,P,,Brief data gap,,AR from LMSAL,6/7/93 3:15,6/8/93 2:00
7,gsep_133,psep_138,,2/20/94 1:45,,,,,,,,,,,,2/20/94 1:38,2/20/94 1:41,3,2,9,M4.0,7671,FALSE,,10000,8447.91,16.54,1.02,0.45,65400000,452000,146000,85500,10200,2/21/94 9:00,,,1,P,,,,AR & Flare location from Kurt et al. (2004); Data corrected for spike,2/19/94 13:45,2/21/94 16:45
7,gsep_134,psep_139,,10/19/94 21:45,,,,,,,,,,,,10/19/94 22:35,10/19/94 23:13,38,24,12,M3.2,7790,FALSE,,35,30.26,2.66,0.93,0.45,1150000,171000,86900,50600,34.9,10/20/94 3:40,,,1,P,,Spike,,AR & Flare location from Kurt et al. (2004); Data corrected for spike,10/19/94 9:45,10/20/94 18:45
8,gsep_135,psep_140,,10/20/95 6:35,,,,,,,,,,,,10/20/95 5:54,10/20/95 5:58,4,53,-11,M1.5,7912,FALSE,,63,46.97,4.76,1.19,,1870000,417000,208000,,62.7,10/20/95 12:10,,,1,P,,,,AR & Flare location from Kurt et al. (2004); Data corrected for spike,10/19/95 18:35,10/21/95 7:35
8,gsep_136,psep_141,cdaw_sep_001,11/4/97 6:05,11/4/97 6:40,11/4/97 11:20,72,lasco_509,11/4/97 5:11,11/4/97 6:10,360,360,785,785,gid_soho_158,11/4/97 5:52,11/4/97 5:58,6,33,-14,X2.1,8100,FALSE,,72,54.49,16.38,4.88,1.51,2630000,717000,261000,113000,67.1,11/4/97 13:00,11/4/97 5:58,11/4/97 6:00,1,P,,,Fe-rich; ;p-rich; ,,11/3/97 18:40,11/5/97 2:55
8,gsep_137,psep_142,cdaw_sep_002,11/6/97 12:20,11/6/97 12:30,11/7/97 2:55,495,lasco_521,11/6/97 11:30,11/6/97 12:10,360,360,1556,1556,gid_soho_181,11/6/97 11:49,11/6/97 11:55,6,63,-18,X9.4,8100,TRUE,,495,437.32,159.11,62.19,25.58,33200000,9940000,3230000,1130000,532,11/7/97 3:00,11/6/97 11:53,11/6/97 12:10,1,P,,,Fe-rich; ;p-rich; ,,11/6/97 0:30,11/8/97 6:00
8,gsep_138,psep_143,cdaw_sep_003,4/20/98 11:00,4/20/98 11:15,4/21/98 12:10,1700,lasco_878,4/20/98 9:49,4/20/98 10:07,243,150,1863,1863,gid_soho_547,4/20/98 9:38,4/20/98 10:21,43,119,-17,M1.4,8202,TRUE,,1700,1212.01,229.26,23.91,2.58,97400000,16900000,1830000,337000,1610,4/21/98 11:45,4/20/98 9:56,4/20/98 10:25,1,P,,,Fe-poor; ;p-rich; no shock passage,,4/19/98 23:15,4/23/98 5:40
8,gsep_139,psep_144,,4/29/98 17:30,,,,lasco_901,4/29/98 16:22,4/29/98 16:58,360,360,1374,1374,gid_soho_557,4/29/98 16:06,4/29/98 16:37,31,-20,-18,M6.8,8210,FALSE,,,3.58,,,,570000,,,,2.51,4/30/98 17:20,,,0,P,,,Fe-poor; ; ; slow rise-peak at the shock,,4/29/98 5:30,5/1/98 11:10
8,gsep_140,psep_145,cdaw_sep_004,5/2/98 13:45,5/2/98 14:00,5/2/98 16:50,146,lasco_910,5/2/98 13:07,5/2/98 14:06,360,360,938,938,gid_soho_569,5/2/98 13:31,5/2/98 13:42,11,15,-15,X1.1,8210,FALSE,,146,121.9,39.13,13.69,5.5,4540000,1470000,533000,217000,149,5/2/98 16:55,5/2/98 13:41,5/2/98 14:25,1,P,,,Fe-rich; ;p-rich; ,,5/2/98 2:00,5/3/98 4:25
8,gsep_141,psep_146,cdaw_sep_005,5/6/98 8:15,5/6/98 8:25,5/6/98 9:45,207,lasco_923,5/6/98 7:49,5/6/98 8:29,190,248,1099,792,gid_soho_601,5/6/98 7:58,5/6/98 8:09,11,65,-11,X2.7,8210,TRUE,,207,173.59,33.53,8.16,2.45,2760000,667000,236000,103000,239,5/6/98 9:45,5/6/98 8:05,5/6/98 8:15,1,P,,,Fe-rich; ;p-rich; ,,5/5/98 20:25,5/6/98 14:35
8,gsep_142,psep_147,cdaw_sep_006,5/9/98 5:30,5/9/98 6:20,5/9/98 23:05,11,lasco_941,5/9/98 3:20,5/9/98 3:35,178,178,2331,2331,gid_soho_629,5/9/98 3:04,5/9/98 3:40,36,102,-11,M7.7,8210,TRUE,,11,10.49,2.33,,,902000,331000,,,12.3,5/10/98 0:20,5/9/98 3:26,5/9/98 3:35,1,P,,,Fe-rich; ;p-rich; ,,5/8/98 18:20,5/10/98 14:50
8,gsep_143,psep_148,,6/16/98 21:00,,,,lasco_1094,6/16/98 17:50,6/16/98 18:27,281,100,1484,1484,gid_soho_749,6/16/98 18:03,6/16/98 18:42,39,115,17,M1.0,,,,,3.38,1.54,,,748000,417000,,,2.21,6/18/98 3:35,,,0,P,,,,,6/16/98 9:00,6/18/98 12:30
8,gsep_148,psep_153,,10/18/98 22:45,,,,,,,, , , ,,10/18/98 1:34,10/18/98 1:42,8,58,21,M2.4,8358,FALSE,,,4.79,1.73,,,412000,204000,,,4.24,10/19/98 7:10,,,0,P,,,Fe-rich;e-rich;p-poor; ,Flare data from SOHO/EIT flare catalog Rotti et al. (2020),10/18/98 10:45,10/19/98 23:15
8,gsep_149,psep_154,,11/5/98 23:20,,,,lasco_1187,11/5/98 20:00,11/5/98 20:44,360,360,1118,1118,gid_soho_1224,11/5/98 19:00,11/5/98 19:55,55,18,22,M8.4,8375,TRUE,,,9.65,,,,967000,,,,9.55,11/6/98 13:05,,,0,P,,,Fe-poor; ; ; slow rise-peak at the shock,,11/5/98 11:20,11/7/98 0:00
8,gsep_150,,cdaw_sep_010,11/7/98 22:25,11/7/98 22:25,11/8/98 2:45,11,,,,,,,,,,,,,,,,,,11,,,,,,,,,10.6,11/8/98 2:45,,,1,P,"Taken from CDAW -    ACE shock 08/04:00 UT (unrelated, 05/20:44 HCME)",,,,11/7/98 10:25,11/8/98 15:10
8,gsep_151,psep_155,cdaw_sep_011,11/14/98 6:10,11/14/98 6:30,11/14/98 12:45,314,,,,, , , ,gid_soho_1301,11/14/98 5:00,11/14/98 5:08,8,127,28,C1.3,8375,FALSE,,314,245.35,51.97,11.01,2.59,9180000,2070000,542000,191000,314,11/14/98 12:45,11/14/98 5:06,11/14/98 5:10,1,P,,,Fe-rich; ;p-rich; ,Flare location verified by SRAG-SEP List,11/13/98 18:30,11/15/98 15:00
8,gsep_152,psep_156,cdaw_sep_012,1/20/99 22:25,1/20/99 22:50,1/23/99 11:53,14,,,,, , , ,gid_soho_1785,1/20/99 19:06,1/20/99 20:04,58,-95,27,M5.2,,,,14,11.76,1.91,0.9,,1850000,624000,324000,,14.1,1/23/99 11:35,1/20/99 19:14,1/20/99 19:18,1,P,,,Fe-poor; ; ; slow rise-peak at the shock,Flare location verified by SRAG-SEP List; Behind Eastern Limb,1/20/99 10:50,1/24/99 0:00
8,gsep_153,psep_157,cdaw_sep_013,4/24/99 14:25,4/24/99 15:30,4/25/99 0:55,32,lasco_1510,4/24/99 12:54,4/24/99 13:31,360,360,1495,1495,,,,,130,22, ,8517,FALSE,,32,24.2,2.58,,,1450000,303000,,,31.8,4/25/99 0:55,,,1,P,,,Fe-poor; ;p-rich; no shock passage,Flare location verified by SRAG-SEP List,4/24/99 3:30,4/25/99 13:45
8,gsep_154,psep_158,cdaw_sep_014,5/3/99 22:00,5/4/99 3:00,5/5/99 19:55,14,lasco_1537,5/3/99 5:43,5/3/99 6:06,360,360,1584,1584,gid_soho_2121,5/3/99 5:36,5/3/99 6:02,26,-32,15,M4.4,8525,FALSE,,14,11.56,,,,1390000,,,,14,5/5/99 19:55,5/3/99 5:50,5/3/99 5:50,1,P,,,Fe-poor; ; ; slow rise-peak at the shock,,5/3/99 15:00,5/6/99 23:55
8,gsep_155,psep_159,,5/27/99 11:15,,,,lasco_1607,5/27/99 10:32,5/27/99 11:06,360,360,1691,1691,gid_soho_2265,,,,144,25,,8549,,,,8.18,2.15,,,446000,199000,,,9.02,5/27/99 14:10,,,0,P,,,Fe-poor; ;p-rich; no shock passage,Flare location verified by SRAG-SEP List; Behind Western Limb,5/26/99 23:15,5/27/99 23:45
8,gsep_156,psep_160,cdaw_sep_015,6/1/99 20:35,6/1/99 21:00,6/2/99 10:10,48,lasco_1622,6/1/99 18:26,6/1/99 19:37,360,360,1772,1772,gid_soho_2300,,,,,,,,,,48,36.79,5.54,1.42,0.67,2830000,507000,180000,84400,48.2,6/2/99 10:10,,,1,P,,,Fe-rich; ;p-rich; ,Behind Western Limb - SRAG-SEP,6/1/99 9:00,6/3/99 23:55
8,gsep_157,psep_161,cdaw_sep_016,6/4/99 8:20,6/4/99 8:30,6/4/99 10:55,64,lasco_1634,6/4/99 6:38,6/4/99 7:26,150,150,2230,2230,gid_soho_2327,6/4/99 6:52,6/4/99 7:03,11,69,17,M3.9,8552,FALSE,,64,46.24,3.42,0.95,,3360000,525000,235000,,64,6/4/99 10:55,6/4/99 7:02,6/4/99 7:05,1,P,,,Fe-rich; ;p-rich; ,,6/3/99 20:30,6/5/99 17:40
8,gsep_158,psep_162,cdaw_sep_017,2/18/00 8:45,2/18/00 10:05,2/18/00 12:15,13,lasco_2498,2/17/00 19:51,2/18/00 21:54,118,118,890,890,gid_soho_3872,,,,103,27,,8858,FALSE,,13,10.79,2.72,0.95,0.53,372000,114000,51800,26200,13,2/18/00 12:15,2/18/00 9:19,2/18/00 9:38,1,P,,,Fe-rich; ;p-rich; ,CME and flare location verified by SRAG-SEP List; Flaring AR Behind SUN,2/17/00 22:05,2/18/00 17:25
8,gsep_159,psep_163,cdaw_sep_018,4/4/00 16:55,4/4/00 17:00,4/5/00 9:30,55,lasco_2735,4/4/00 14:42,4/4/00 16:32,360,360,1188,1188,gid_soho_4317,4/4/00 15:12,4/4/00 15:41,29,66,16,C9.7,8933,FALSE,,55,39.25,1.44,,,2330000,231000,,,55.8,4/5/00 9:30,4/4/00 15:25,4/4/00 15:45,1,P,,,Fe-poor; ;p-rich; shock passage,,4/4/00 5:00,4/6/00 2:35
8,gsep_160,psep_164,,5/15/00 22:05,,,,lasco_2941,5/15/00 15:36,5/15/00 16:26,165,165,1212,1212,gid_soho_4571,5/15/00 15:46,5/15/00 16:01,15,67,-24,C7.8,8993,FALSE,,,2.38,,,,239000,,,,1.86,5/16/00 1:25,,,0,P,,,Fe-rich;e-rich;p-poor; ,Multiple rises until 18th May,5/15/00 10:05,5/17/00 7:25
8,gsep_161,psep_165,cdaw_sep_019,6/6/00 21:00,6/6/00 22:20,6/8/00 9:40,84,lasco_3041,6/6/00 15:11,6/6/00 15:54,360,360,1119,1119,gid_soho_4756,6/6/00 14:58,6/6/00 15:25,27,-18,20,X2.3,9026,FALSE,,84,60.14,1.62,,,3760000,277000,,,84.3,6/8/00 9:40,6/6/00 15:16,6/6/00 15:20,1,P,,,Fe-poor; ; ; slow rise-peak at the shock,,6/6/00 10:20,6/9/00 11:30
8,gsep_162,psep_166,cdaw_sep_020,6/10/00 17:00,6/10/00 17:40,6/10/00 20:45,46,lasco_3066,6/10/00 16:34,6/10/00 17:08,360,360,1108,1108,gid_soho_4785,6/10/00 16:40,6/10/00 17:02,22,38,22,M5.2,9026,FALSE,,46,35.26,9.83,2.85,0.85,1530000,314000,106000,45800,46,6/10/00 20:45,6/10/00 16:55,6/10/00 17:15,1,P,,,Fe-rich; ;p-rich; ,,6/10/00 5:40,6/11/00 18:00
8,gsep_163,psep_167,,6/25/00 11:35,,,,lasco_3143,6/25/00 7:34,6/25/00 7:54,165,165,1617,1617,gid_soho_4884,6/25/00 7:17,6/25/00 7:52,35,55,16,M1.9,9046,FALSE,,,4.3,,,,553000,,,,4.57,6/26/00 1:30,,,0,P,,,Fe-poor; ;p-rich; no shock passage,,6/24/00 23:35,6/26/00 12:25
8,gsep_164,psep_168,,7/12/00 19:40,,,,lasco_3248,7/12/00 19:44,7/12/00 20:30,101,101,820,820,gid_soho_5002,7/12/00 18:41,7/12/00 18:49,8,64,16,M5.7,9070,FALSE,,,7.32,,,,327000,,,,8.61,7/13/00 15:05,,,0,P,,,,Probable ESP - SRAG-SEP,7/12/00 7:40,7/13/00 16:30
8,gsep_165,psep_169,cdaw_sep_021,7/14/00 10:15,7/14/00 10:35,7/15/00 12:30,24000,lasco_3258,7/14/00 10:17,7/14/00 10:54,360,360,1674,1674,gid_soho_5021,7/14/00 10:03,7/14/00 10:24,21,7,22,X5.7,9077,FALSE,,24000,18133.72,3467.59,639.84,203.39,39600000,217000000,33300000,6610000,24000,7/15/00 12:30,7/14/00 10:19,7/14/00 10:30,1,P,,,Fe-poor; ;p-rich; shock passage,,7/13/00 22:35,7/16/00 3:55
8,gsep_166,psep_170,cdaw_sep_022,7/22/00 11:50,7/22/00 12:25,7/23/00 14:05,17,lasco_3282,7/22/00 11:10,7/22/00 11:54,229,259,1230,1230,gid_soho_5108,7/22/00 11:17,7/22/00 11:34,17,56,14,M3.7,9085,FALSE,,17,14.07,3.38,0.99,0.49,629000,157000,71000,36600,17.6,7/22/00 14:05,7/22/00 11:25,7/22/00 11:45,1,P,,,Fe-poor; ;p-rich; no shock passage,,7/22/00 0:25,7/23/00 5:30
8,gsep_167,psep_171,cdaw_sep_023,7/28/00 0:55,7/28/00 1:45,7/28/00 5:20,12,lasco_3301,7/27/00 19:03,7/27/00 19:54,360,360,905,905,,,,,126,14, ,9085,FALSE,,12,15.71,1.31,,,615000,161000,,,21.2,7/28/00 6:55,,,1,P,Uncertain C or M-class flare,,,Probable ESP - SRAG-SEP,7/27/00 13:45,7/28/00 18:35
8,gsep_168,,cdaw_sep_024,8/11/00 14:30,8/11/00 14:30,8/11/00 16:55,17,,,,,,,,,,,,,,,,,,17,,,,,,,,,17.5,8/11/00 16:55,,,1,P,"Taken from CDAW -   SOHO shock 11/18:19 UT (unrelated, 09/16:30 HCME)",,,Probable ESP - SRAG-SEP,8/11/00 2:30,8/11/00 19:20
8,gsep_169,psep_172,,8/13/00 0:45,,,,lasco_3382,8/12/00 14:45,8/12/00 15:54,117,117,499,499,,8/12/00 9:45,8/12/00 9:56,11,,,M1.1,,,,,4.34,,,,274000,,,,4.92,8/13/00 6:35,,,0,P,,,,Ambiguous Event - SRAG-SEP,8/12/00 12:45,8/13/00 17:25
8,gsep_170,psep_173,cdaw_sep_025,9/12/00 14:00,9/12/00 13:50,9/13/00 3:40,321,lasco_3525,9/12/00 11:37,9/12/00 11:54,360,360,1550,1550,gid_soho_5378,9/12/00 11:31,9/12/00 12:13,42,9,-17,M1.0,9163,TRUE,,321,222.17,6.74,1.05,0.47,15700000,963000,270000,118000,321,9/13/00 3:40,9/12/00 11:33,9/12/00 12:00,1,P,,,Fe-rich; ;p-rich; ,,9/12/00 1:50,9/14/00 7:30
8,gsep_171,psep_174,cdaw_sep_026,10/16/00 8:00,10/16/00 8:10,10/16/00 18:40,15,lasco_3685,10/16/00 6:40,10/16/00 7:27,360,360,1336,1336,gid_soho_5632,10/16/00 6:40,10/16/00 7:28,48,107,4,M2.5,9182,TRUE,,15,12.05,3.1,0.85,0.45,1340000,371000,165000,84700,15.1,10/16/00 18:40,10/16/00 7:08,10/16/00 7:10,1,P,,,Fe-rich; ;p-rich; ,Behind Western Limb - SRAG-SEP,10/15/00 20:10,10/17/00 17:30
8,gsep_172,psep_175,cdaw_sep_027,10/25/00 12:55,10/25/00 13:35,10/26/00 3:40,15,lasco_3714,10/25/00 8:43,10/25/00 8:26,360,360,770,770,gid_soho_5665,10/25/00 8:45,10/25/00 11:25,160,,,C4.0,,,,15,11.82,1.39,,,968000,208000,,,15.4,10/26/00 3:40,,,1,P,Poor fit for CME launch time,,Fe-poor; ;p-rich; no shock passage,Behind Western Limb - SRAG-SEP,10/25/00 1:35,10/27/00 6:35
8,gsep_173,psep_176,,10/30/00 11:40,,,,,,, , , , ,gid_soho_5697,10/29/00 1:28,10/29/00 1:57,29,-35,-25,M4.4,9209,FALSE,,,4.08,,,,531000,,,,4.35,11/1/00 3:45,,,0,P,LASCO data gap,,,,10/29/00 23:40,11/1/00 12:40
8,gsep_174,psep_177,cdaw_sep_028,11/8/00 23:20,11/8/00 23:35,11/9/00 15:55,14800,lasco_3766,11/8/00 22:42,11/8/00 23:06,170,170,1738,1738,gid_soho_5736,11/8/00 22:42,11/8/00 23:28,46,77,10,M7.4,9213,FALSE,,14800,10989.65,3053.99,650.54,116,708000000,167000000,28800000,4680000,14800,11/9/00 15:55,11/8/00 23:15,11/8/00 23:20,1,P,,,Fe-poor; ;p-rich; shock passage,,11/8/00 11:35,11/10/00 14:50
8,gsep_175,psep_178,,11/24/00 6:00,,,,lasco_3848,11/24/00 5:01,11/24/00 5:30,360,360,1289,1289,gid_soho_5855,11/24/00 4:55,11/24/00 5:02,7,5,23,X2.0,9236,FALSE,,,10.19,2.6,0.94,0.43,194000,61700,24100,10500,12.1,11/24/00 15:25,,,0,P,,,Fe-poor; ;p-rich; no shock passage,,11/23/00 18:00,11/24/00 15:50
8,gsep_176,psep_179,cdaw_sep_029,11/24/00 15:55,11/24/00 15:15,11/24/00 21:20,94,lasco_3854,11/24/00 14:59,11/24/00 15:30,360,360,1245,1245,gid_soho_5854,11/24/00 14:51,11/24/00 15:13,22,7,22,X2.3,9236,FALSE,,94,68.85,10.14,2.35,0.72,2550000,356000,95200,34700,94,11/24/00 21:20,11/24/00 15:07,11/24/00 15:25,1,P,,,Fe-rich; ;p-rich; ,,11/24/00 3:15,11/25/00 8:00
8,gsep_177,psep_180,cdaw_sep_030,11/26/00 0:05,11/26/00 1:00,11/26/00 20:30,942,lasco_3856,11/25/00 1:04,11/25/00 1:31,360,360,2519,2519,gid_soho_5864,11/25/00 0:59,11/25/00 1:31,32,-50,7,M8.2,9240,FALSE,,942,669.89,53.88,4.52,0.63,23900000,1880000,243000,61100,942,11/26/00 20:30,,,1,P,,,,"Reported in DIERCKXSENS ET AL. 2015 with Flare Coordinates (-50, -7)",11/25/00 13:00,11/28/00 2:05
8,gsep_178,psep_181,,1/21/01 19:20,,,,lasco_4050,1/21/01 18:49,1/20/01 21:30,360,360,1507,1507,,1/20/01 21:06,1/20/01 21:20,14,-46,-7,M7.7,9313,FALSE,,,3.42,1.01,0.55,,563000,222000,122000,,3.17,1/22/01 13:50,,,0,P,,,,,1/21/01 7:20,1/23/01 20:40
8,gsep_179,psep_182,cdaw_sep_031,1/28/01 16:45,1/28/01 17:15,1/29/01 6:55,49,lasco_4078,1/28/01 15:51,1/28/01 15:54,360,360,916,916,gid_soho_6308,1/28/01 15:40,1/28/01 16:00,20,59,-4,M1.5,9313,TRUE,,49,36.73,4.5,1.02,0.45,2360000,377000,140000,66800,48.9,1/29/01 6:55,,,1,P,,,Fe-rich; ;p-rich; ,CME and flare location verified as in SRAG-SEP List,1/28/01 5:15,1/30/01 10:25
8,gsep_180,psep_183,,3/26/01 18:45,,,,lasco_4303,3/25/01 16:03,3/25/01 17:06,360,360,677,677,gid_soho_6527,3/25/01 16:25,3/25/01 16:36,11,-25,16,C9.0,9402,FALSE,,,5.96,,,,248000,,,,6.61,3/27/01 17:45,,,0,P,,,,Peak due to Probable ESP - SRAG-SEP,3/26/01 6:45,3/28/01 0:05
8,gsep_181,psep_184,cdaw_sep_032,3/29/01 13:00,3/29/01 12:15,3/30/01 6:10,35,lasco_4323,3/29/01 9:40,3/29/01 10:26,360,360,942,942,gid_soho_6563,3/29/01 9:57,3/29/01 10:15,18,19,20,X1.7,9393,FALSE,,35,26.65,3.17,0.83,,2750000,357000,121000,,35.4,3/30/01 6:10,3/29/01 10:03,3/29/01 10:12,1,P,,,Fe-rich; ;p-rich; ,Updated AR from SRAG-SEP,3/29/01 0:15,3/31/01 15:00
8,gsep_182,psep_185,,4/2/01 11:20,,,,lasco_4346,4/2/01 10:58,4/2/01 11:26,80,50,992,992,gid_soho_6607,4/2/01 10:58,4/2/01 11:36,38,62,17,X1.1,9393,TRUE,,,832.63,128.45,14.51,2.18,39300000,5150000,823000,213000,4.16,4/2/01 19:05,,,0,P,,,Fe-rich; ;p-rich; ,Updated AR from SRAG-SEP; PSEP records the peak flux including the peak of the next event.,4/1/01 23:20,4/2/01 23:00
8,gsep_183,psep_186,cdaw_sep_033,4/2/01 23:15,4/2/01 23:10,4/3/01 7:45,1110,lasco_4349,4/2/01 21:38,4/2/01 22:06,244,100,2505,2505,gid_soho_6605,4/2/01 21:32,4/2/01 21:51,19,78,17,X20,9393,FALSE,,1110,832.63,128.45,14.51,2.18,38100000,4890000,703000,150000,1110,4/3/01 7:45,4/2/01 21:52,4/2/01 22:05,1,P,,,Fe-rich; ;p-rich; ,,4/2/01 12:10,4/5/01 13:45
8,gsep_184,psep_187,,4/9/01 16:05,,,,lasco_4378,4/9/01 15:22,4/9/01 15:54,360,360,1192,1192,gid_soho_6643,4/9/01 15:20,4/9/01 15:34,14,4,-21,M7.9,9415,FALSE,,,5.99,2.37,1.06,0.55,252000,99900,43600,19600,5.89,4/9/01 23:35,,,0,P,,,Fe-rich; ;p-rich; ,,4/9/01 4:05,4/10/01 7:45
8,gsep_185,psep_188,cdaw_sep_034,4/10/01 7:50,4/10/01 8:15,4/11/01 20:55,118,lasco_4382,4/10/01 5:16,4/10/01 5:30,360,360,2411,2411,gid_soho_6649,4/10/01 5:06,4/10/01 5:26,20,9,-23,X2.3,9415,FALSE,,355,249.42,9.3,1.44,,13700000,1040000,160000,,355,4/11/01 20:55,4/10/01 5:13,4/10/01 5:24,1,P,,,Fe-poor; ;p-rich; shock passage,,4/9/01 20:15,4/12/01 11:00
8,gsep_186,psep_189,cdaw_sep_035,4/12/01 11:20,4/12/01 11:40,4/12/01 18:00,51,lasco_4389,4/12/01 10:01,4/12/01 10:31,360,360,1184,1184,gid_soho_6664,4/12/01 9:39,4/12/01 10:28,49,43,-19,X2.0,9415,FALSE,,51,41.31,10.31,2.68,0.86,2430000,526000,176000,72800,50.5,4/12/01 18:00,4/12/01 10:18,4/12/01 10:36,1,P,,,Fe-rich; ;p-rich; ,,4/11/01 23:40,4/13/01 6:00
8,gsep_187,psep_190,cdaw_sep_036,4/15/01 13:50,4/15/01 14:00,4/15/01 19:20,951,lasco_4404,4/15/01 13:22,4/15/01 14:06,167,167,1199,1199,gid_soho_6673,4/15/01 13:19,4/15/01 13:50,31,85,-20,X14.4,9415,FALSE,,951,825.07,379.93,200.66,105.45,36100000,9790000,3720000,1560000,951,4/15/01 19:20,4/15/01 13:48,4/15/01 14:05,1,P,,,Fe-rich; ;p-rich; ,,4/15/01 2:00,4/16/01 23:50
8,gsep_188,psep_191,cdaw_sep_037,4/18/01 2:35,4/18/01 3:00,4/18/01 10:45,321,lasco_4410,4/18/01 2:06,4/18/01 2:30,360,360,2465,2465,gid_soho_6694,4/18/01 2:11,4/18/01 2:14,3,115,-20,C2.2,9415,FALSE,,321,257.46,63.03,19.3,7.32,11500000,2560000,766000,277000,321,4/18/01 10:45,4/18/01 2:17,4/18/01 2:55,1,P,,,Fe-rich; ;p-rich; ,AR verified by SRAG-SEP List,4/17/01 15:00,4/19/01 12:05
8,gsep_189,psep_192,cdaw_sep_038,4/26/01 21:55,4/27/01 1:05,4/28/01 5:00,8,lasco_4445,4/26/01 11:40,4/26/01 12:30,360,360,1006,1006,gid_soho_6757,4/26/01 11:26,4/26/01 13:12,106,31,17,M7.8,9433,FALSE,,57,43.12,,,,479000,,,,57.5,4/28/01 5:00,4/26/01 13:35,4/26/01 12:40,1,P,,,Fe-poor; ; ; slow rise-peak at the shock,CME Speed as in SRAG-SEP,4/26/01 13:05,4/28/01 15:25
8,gsep_190,psep_193,cdaw_sep_039,5/7/01 13:40,5/7/01 14:00,5/8/01 7:55,30,lasco_4490,5/7/01 11:44,5/7/01 12:06,205,286,1223,1223,,,,,,, ,,,,30,21.71,1.61,0.67,,1700000,280000,141000,,30,5/8/01 7:55,,,1,P,,,Fe-rich; ;p-rich; ,,5/7/01 2:00,5/9/01 7:20
8,gsep_191,psep_194,,5/20/01 6:55,,,,lasco_4544,5/20/01 5:17,5/20/01 6:26,179,179,546,546,gid_soho_6895,5/20/01 6:00,5/20/01 6:03,3,94,-17,M6.4,9455,TRUE,,,8.4,2.92,1.25,0.57,433000,170000,75700,35900,9.16,5/20/01 14:10,,,0,P,,,Fe-rich; ;p-rich; ,Behind Western Limb - SRAG-SEP,5/19/01 18:55,5/21/01 6:55
8,gsep_192,psep_195,cdaw_sep_040,6/15/01 15:55,6/15/01 16:25,6/16/01 0:05,27,lasco_4663,6/15/01 15:17,6/15/01 15:56,360,360,1701,1701,gid_soho_7067,6/15/01 16:15,,,115,-8,,9494,FALSE,,27,20.2,3.67,0.96,0.7,1610000,308000,138000,71800,26.8,6/16/01 0:05,6/15/01 15:33,6/15/01 15:42,1,P,,,Fe-poor; ;p-rich; no shock passage,,6/15/01 4:25,6/17/01 1:25
8,gsep_218,psep_218,cdaw_sep_062,4/17/02 11:10,4/17/02 11:35,4/17/02 15:40,24,lasco_5955,4/17/02 7:50,4/17/02 8:26,360,360,1240,1240,gid_soho_9312,4/17/02 7:46,4/17/02 8:24,38,34,-14,M2.6,9906,FALSE,,24,18.58,1.67,0.64,,1060000,239000,127000,,24.1,4/17/02 15:40,4/17/02 8:08,4/17/02 8:30,1,P,,,Fe-poor; ;p-rich; shock passage,,4/16/02 23:35,4/18/02 12:10
8,gsep_219,psep_219,cdaw_sep_063,4/21/02 1:40,4/21/02 1:45,4/21/02 23:20,2520,lasco_5977,4/21/02 1:11,4/21/02 1:27,360,360,2393,2393,gid_soho_9343,4/21/02 0:43,4/21/02 1:51,68,84,-14,X1.5,9906,FALSE,,2520,1822.47,406.24,57,7.59,177000000,33600000,4400000,648000,2520,4/21/02 23:20,4/21/02 1:19,4/21/02 1:30,1,P,,,Fe-poor; ;p-rich; shock passage,,4/20/02 13:45,4/23/02 16:10
8,gsep_220,psep_220,cdaw_sep_064,5/22/02 6:45,5/22/02 7:10,5/23/02 10:55,130,lasco_6147,5/22/02 3:15,5/22/02 3:50,120,120,1557,1557,gid_soho_9549,5/22/02 3:18,5/22/02 3:54,36,53,-22,C5.0,9948,TRUE,,820,574.35,7.09,,,6480000,399000,,,820,5/23/02 10:55,,,1,P,,,Fe-poor; ; ; slow rise-peak at the shock,Filament Eruption - SRAG-SEP,5/21/02 19:10,5/24/02 0:25
10,gsep_144,psep_149,,8/21/98 21:50,,,,,,,, , , ,,8/21/98 23:57,8/22/98 0:09,11,-51,42,M9.0,8307,FALSE,,,4.16,,,,684000,,,,3.39,8/23/98 6:35,,,0,P,,,,Flare location verified by SRAG-SEP List,8/21/98 9:50,8/23/98 15:30
10,gsep_145,psep_150,cdaw_sep_007,8/24/98 22:55,8/24/98 23:10,8/26/98 10:55,187,,,,,,,,gid_soho_1088,8/24/98 21:50,8/24/98 22:12,22,-9,35,X1.0,8307,FALSE,,665,475.22,26.87,5.88,2.27,33500000,3020000,690000,276000,665,8/26/98 10:55,8/24/98 22:03,8/24/98 22:05,1,P,,,Fe-rich; ;p-rich; ,AR verified by SRAG-SEP List,8/24/98 11:10,8/27/98 23:55
10,gsep_146,psep_151,cdaw_sep_008,9/24/98 17:25,9/23/98 14:20,9/25/98 1:30,1,,,,, , , ,gid_soho_1088,9/23/98 6:40,9/23/98 7:13,33,-9,18,M7.1,8340,FALSE,,44,33.32,1.58,,,466000,106000,,,44.1,9/25/98 1:30,9/23/98 6:57,9/23/98 7:20,1,P,,,,ESP event according to  SRAG-SEP,9/23/98 2:20,9/26/98 7:00
10,gsep_147,psep_152,cdaw_sep_009,9/30/98 14:10,9/30/98 14:20,10/1/98 0:25,1160,,,,, , , ,gid_soho_1114,9/30/98 13:08,9/30/98 13:50,42,81,23,M2.8,8340,FALSE,,1160,802.19,78.5,8.25,1.59,32300000,2510000,445000,168000,1160,10/1/98 0:25,9/30/98 13:22,9/30/98 13:20,1,P,,,Fe-rich; ;p-rich; ,Flare location verified by SRAG-SEP List,9/30/98 2:20,10/1/98 23:30
10,gsep_193,psep_196,cdaw_sep_041,8/9/01 18:25,8/9/01 19:30,8/10/01 11:55,17,lasco_4811,8/9/01 9:57,8/9/01 10:30,175,285,479,479,gid_soho_7331,8/9/01 10:57,8/9/01 11:22,25,14,11,C3.7,,,,17,13.29,1.26,,,621000,152000,,,17,8/10/01 11:55,,,1,P,,,,Filament Eruption - SRAG-SEP,8/9/01 7:30,8/11/01 3:05
10,gsep_194,psep_197,cdaw_sep_042,8/16/01 0:30,8/16/01 0:45,8/16/01 3:55,493,lasco_4839,8/15/01 23:30,8/15/01 23:54,360,180,1575,1575,,,,,180,-20, ,9557,FALSE,,493,523.8,218.88,52.64,11.25,21200000,6390000,1780000,563000,493,8/16/01 3:55,,,1,P,,,Fe-poor; ;p-rich; shock passage,Behind Western Limb - SRAG-SEP,8/15/01 12:45,8/17/01 18:00
10,gsep_195,psep_198,cdaw_sep_043,9/15/01 12:20,9/15/01 12:05,9/15/01 14:55,12,lasco_5007,9/15/01 10:17,9/15/01 11:54,130,248,478,478,gid_soho_7656,9/15/01 11:04,9/15/01 11:28,24,49,-21,M1.5,9608,FALSE,,12,9.49,1.49,0.67,,329000,111000,59200,,11.6,9/15/01 14:55,9/15/01 11:29,9/15/01 11:50,1,P,,,,,9/15/01 0:05,9/16/01 0:10
10,gsep_196,psep_199,cdaw_sep_044,9/24/01 11:15,9/24/01 11:40,9/25/01 22:35,1820,lasco_5059,9/24/01 10:16,9/24/01 10:30,360,360,2402,2402,gid_soho_7751,9/24/01 9:32,9/24/01 10:38,66,-23,-16,X2.6,9632,TRUE,,12900,9235.54,776.03,70.5,10.56,436000000,58600000,6780000,928000,12900,9/25/01 22:35,,,1,P,,,Fe-poor; ;p-rich; shock passage,,9/23/01 23:40,9/27/01 22:35
10,gsep_197,psep_200,cdaw_sep_045,10/1/01 13:20,10/1/01 12:15,10/2/01 8:10,2360,lasco_5098,10/1/01 5:20,10/1/01 5:30,360,360,1405,1405,gid_soho_7794,10/1/01 4:41,10/1/01 5:15,34,79,-17,M9.1,9628,TRUE,,2360,1602.2,101.93,3.21,,54300000,4240000,423000,,2360,10/2/01 8:10,,,1,P,,,Fe-poor; ;p-rich; shock passage,Flare location verified by SRAG-SEP List,10/1/01 0:15,10/3/01 15:20
10,gsep_198,psep_201,,10/9/01 17:00,,,,lasco_5138,10/9/01 10:29,10/9/01 11:30,360,360,973,973,gid_soho_7844,10/9/01 10:46,10/9/01 11:13,27,-8,-28,M1.4,9653,FALSE,,,5.01,,,,686000,,,,5.4,10/10/01 8:50,,,0,P,,,,,10/9/01 5:00,10/10/01 17:30
10,gsep_199,psep_202,,10/19/01 1:55,,,,lasco_5178,10/19/01 0:05,10/19/01 1:27,360,360,558,558,gid_soho_7927,10/19/01 0:47,10/19/01 1:05,18,18,16,X1.6,9661,FALSE,,,6.17,1.81,0.74,,239000,75500,31900,,6.65,10/19/01 6:45,,,0,P,,,,,10/18/01 13:55,10/19/01 17:35
10,gsep_200,psep_203,cdaw_sep_046,10/19/01 17:45,10/19/01 18:00,10/19/01 22:30,12,lasco_5182,10/19/01 16:07,10/19/01 16:50,360,360,901,901,gid_soho_7917,10/19/01 16:13,10/19/01 16:30,17,29,15,X1.6,9661,FALSE,,12,9.53,2.42,0.78,,833000,235000,111000,,11.7,10/19/01 22:30,10/19/01 16:24,10/19/01 16:45,1,P,,,Fe-poor; ;p-rich; shock passage,,10/19/01 6:00,10/20/01 18:25
10,gsep_201,psep_204,cdaw_sep_047,10/22/01 16:35,10/22/01 16:45,10/22/01 21:30,24,lasco_5194,10/22/01 14:39,10/22/01 15:06,360,360,1336,1336,gid_soho_7950,10/22/01 14:27,10/22/01 15:08,41,-18,-21,M6.7,9672,FALSE,,24,20.59,4.57,1.61,0.73,1520000,548000,243000,115000,24.2,10/22/01 21:30,10/22/01 14:53,10/22/01 15:15,1,P,,,Fe-rich; ;p-rich; ,Reported in DIERCKXSENS ET AL. 2015,10/22/01 4:45,10/23/01 5:05
10,gsep_202,psep_205,cdaw_sep_048,11/4/01 16:35,11/4/01 16:40,11/6/01 2:15,31700,lasco_5268,11/4/01 16:05,11/4/01 16:35,360,360,1810,1810,gid_soho_8088,11/4/01 16:03,11/4/01 16:20,17,18,6,X1.0,9684,FALSE,,31700,23895.46,4253.31,596.06,86.64,914000000,166000000,21000000,3050000,39900,11/6/01 2:15,11/4/01 16:10,11/4/01 16:30,1,S,,,Fe-poor; ;p-rich; shock passage,,11/4/01 4:40,11/7/01 7:05
10,gsep_203,psep_206,cdaw_sep_049,11/17/01 1:45,11/17/01 8:50,11/20/01 0:10,34,lasco_5296,11/17/01 4:40,11/17/01 5:30,360,360,1379,1379,gid_soho_8223,11/17/01 4:49,11/17/01 5:25,36,-42,-13,M2.8,9704,FALSE,,34,22.83,,,,2370000,,,,34.5,11/20/01 0:10,11/17/01 5:00,11/17/01 5:20,1,P,,,Fe-poor; ; ; slow rise-peak at the shock,,11/16/01 20:50,11/21/01 0:00
10,gsep_204,,cdaw_sep_050,11/22/01 9:15,11/22/01 21:15,11/23/01 0:55,25,lasco_5318,11/22/01 20:07,11/22/01 20:30,360,,1443,,gid_soho_8259,11/22/01 20:18,11/22/01 20:36,18,67,-25,M3.7,9704,FALSE,,25,,,,,,,,,24.8,11/23/01 0:55,11/22/01 20:22,11/22/01 20:50,1,P,,,,,11/22/01 9:15,11/23/01 1:00
10,gsep_205,psep_207,cdaw_sep_051,11/22/01 20:50,11/23/01 1:05,11/23/01 14:00,4800,lasco_5319,11/22/01 22:48,11/22/01 23:30,360,360,1443,1443,gid_soho_8260,11/22/01 22:32,11/22/01 23:30,58,34,-15,M9.9,9704,FALSE,,4800,13285.65,633.44,26.25,1.84,457000000,37500000,2260000,292000,21400,11/24/01 5:55,11/22/01 22:31,11/22/01 22:40,1,S,,,,Flare location verified by SRAG-SEP List,11/22/01 13:05,11/25/01 0:00
10,gsep_206,psep_208,,12/11/01 16:15,,,,lasco_5391,12/11/01 9:36,12/11/01 9:54,121,121,891,891,gid_soho_8434,12/11/01 7:58,12/11/01 8:08,10,-41,16,X2.8,9733,FALSE,,,2.42,,,,214000,,,,1.8,12/12/01 10:40,,,0,P,,,,,12/11/01 4:15,12/12/01 16:45
10,gsep_207,psep_209,cdaw_sep_052,12/26/01 5:45,12/26/01 5:50,12/26/01 11:15,780,lasco_5457,12/26/01 4:57,12/26/01 5:30,212,212,1446,1446,gid_soho_8531,12/26/01 4:32,12/26/01 5:40,68,54,8,M7.1,9742,FALSE,,780,615.04,258.42,78.27,22.36,23100000,4800000,1170000,329000,780,12/26/01 11:15,12/26/01 5:02,12/26/01 5:20,1,P,,,Fe-rich; ;p-rich; ,,12/25/01 17:50,12/27/01 15:35
10,gsep_208,psep_210,cdaw_sep_053,12/28/01 23:40,12/29/01 1:50,12/29/01 8:15,76,lasco_5470,12/28/01 20:01,12/28/01 20:30,360,120,2216,2216,gid_soho_8552,12/28/01 20:02,12/28/01 20:45,43,-100,-23,X3.4,9767,FALSE,,76,54.9,3.44,,,1840000,237000,,,76.2,12/29/01 8:15,12/29/01 19:59,12/29/01 20:30,1,P,,,,Peak due to Probable ESP - SRAG-SEP,12/28/01 13:50,12/30/01 0:40
10,gsep_209,psep_211,cdaw_sep_054,12/30/01 20:45,12/30/01 21:25,12/31/01 16:20,108,,,,,,,,,12/30/01 13:36,12/30/01 13:48,12,43,3,C3.2,9751,FALSE,,108,75.92,4.52,0.87,,14700000,1160000,397000,,108,12/31/01 16:20,,,1,P,,,,Flare data from LMSAL; SRAG-SEP considers this as ESP Event,12/30/01 9:25,1/3/02 20:45
10,gsep_210,psep_212,cdaw_sep_055,1/10/02 1:00,1/10/02 8:40,1/11/02 5:30,92,lasco_5502,1/8/02 17:41,1/8/02 17:54,360, ,1794, ,gid_soho_8635,1/8/02 17:14,1/8/02 20:25,51,-90,,C9.6,,,,92,65.11,2.71,,,6800000,494000,,,91.8,1/11/02 5:30,,,1,P,,,,Filament Eruption - SRAG-SEP,1/9/02 20:40,1/13/02 12:20
10,gsep_211,psep_213,cdaw_sep_056,1/14/02 0:30,1/15/02 5:35,1/15/02 20:00,15,lasco_5528,1/14/02 5:25,1/14/02 5:35,360,360,1492,1492,gid_soho_8669,1/14/02 5:29,1/14/02 6:27,58,116,-18,M4.4,9767,FALSE,,15,12.22,1.81,,,2270000,411000,,,15.4,1/15/02 20:00,1/14/02 6:08,1/14/02 6:25,1,P,Poor fit for CME launch time,,Fe-poor; ;p-rich; no shock passage,Flare location verified by SRAG-SEP List; Behind Western Limb,1/14/02 17:35,1/16/02 19:00
10,gsep_212,psep_214,,1/27/02 13:55,,,,lasco_5572,1/27/02 11:57,1/27/02 12:30,360,360,1136,1136,,,,,113,21, ,9795,FALSE,,,7.6,1.79,0.65,,224000,72200,35400,,9.02,1/27/02 17:10,,,0,P,,,Fe-rich; ;p-rich; ,Flare location verified by SRAG-SEP List; Behind Western Limb,1/27/02 1:55,1/28/02 0:05
10,gsep_213,,cdaw_sep_057,2/20/02 6:45,2/20/02 6:45,2/20/02 7:55,13,lasco_5639,2/20/02 5:44,2/20/02 6:30,360,360,952,952,gid_soho_8904,2/20/02 5:52,2/20/02 6:12,20,72,12,M5.1,9825,FALSE,,13,,,,,,,,,13.5,2/20/02 7:55,2/20/02 6:15,2/20/02 6:20,1,P,,,,Flare location verified by SRAG-SEP List,2/19/02 18:45,2/20/02 10:55
10,gsep_214,psep_215,cdaw_sep_058,3/16/02 2:30,3/16/02 8:25,3/17/02 8:50,13,lasco_5760,3/15/02 22:10,3/15/02 23:06,360,360,957,957,gid_soho_9055,3/15/02 22:09,3/15/02 23:10,61,3,-8,M2.2,9866,FALSE,,13,38.94,2.41,0.78,,3170000,382000,176000,,13.4,3/17/02 8:50,,,1,P,,,Fe-poor; ; ; slow rise-peak at the shock,,3/15/02 20:25,3/18/02 6:35
10,gsep_215,,cdaw_sep_059,3/18/02 6:45,3/18/02 6:45,3/19/02 6:50,53,lasco_5777,3/18/02 2:21,3/18/02 2:54,360,360,989,989,gid_soho_9075,3/18/02 2:16,3/18/02 2:31,15,30,-10,M1.0,9866,FALSE,,53,,,,,,,,,53.1,3/19/02 6:50,,,1,P,,,,,3/17/02 18:45,3/20/02 12:45
10,gsep_216,psep_216,cdaw_sep_060,3/20/02 12:55,3/20/02 13:20,3/20/02 15:25,20,,,, , ,,,,,,,,,,,,,20,15.45,,,,498000,,,,19.8,3/20/02 15:25,,,1,P,,,,Flare location removed in SRAG-SEP List; PROBABLE ESP EVENT,3/20/02 1:20,3/21/02 5:25
10,gsep_217,psep_217,cdaw_sep_061,3/22/02 13:35,3/22/02 13:50,3/23/02 13:20,16,lasco_5802,3/22/02 10:45,3/22/02 11:06,360,130,1750,1750,gid_soho_9096,3/22/02 10:12,3/22/02 11:14,62,92,-9,M1.6,9866,FALSE,,16,12.21,,,,942000,,,,16.2,3/23/02 13:20,3/22/02 10:47,3/22/02 11:30,1,P,,,Fe-poor; ;p-rich; shock passage,Flare location verified by SRAG-SEP List; Halo-CME,3/22/02 1:50,3/24/02 7:15
10,gsep_221,psep_221,cdaw_sep_065,7/7/02 12:05,7/7/02 12:45,7/7/02 19:55,23,lasco_6319,7/7/02 10:56,7/7/02 11:30,228,85,1423,1423,gid_soho_9766,7/7/02 11:15,7/7/02 11:43,28,109,-18,M1.0,10017,FALSE,,23,17.26,2.56,0.78,,1500000,489000,246000,,22.6,7/7/02 19:55,,,1,P,,,Fe-poor; ;p-rich; no shock passage,Flare location verified by SRAG-SEP List; Behind Western Limb,7/7/02 0:45,7/8/02 13:05
10,gsep_222,psep_222,cdaw_sep_066,7/16/02 10:00,7/16/02 10:15,7/17/02 16:00,57,lasco_6364,7/15/02 19:39,7/15/02 20:30,360,360,1151,1151,gid_soho_9818,7/15/02 19:59,7/15/02 20:08,9,1,19,X3.0,10030,FALSE,,234,163.94,3.4,0.83,,6720000,441000,158000,,234,7/17/02 16:00,,,1,P,,,Fe-poor; ; ; slow rise-peak at the shock,,7/15/02 22:15,7/19/02 0:30
10,gsep_223,,cdaw_sep_067,7/19/02 8:20,7/19/02 8:20,7/19/02 10:10,14,,,,,,,,,,,,,,,,,,14,,,,,,,,,14.2,7/19/02 10:10,,,1,P,"Taken from CDAW -    SOHO shock 19/09:36 UT (unrelated, ?), ACE shock 19/14:50 UT (unrelated, 18/08:06 HCME)",,,ESP event according to  SRAG-SEP,7/18/02 20:20,7/20/02 5:10
10,gsep_224,psep_223,cdaw_sep_068,7/20/02 17:55,7/21/02 3:20,7/23/02 10:25,28,lasco_6383,7/20/02 20:43,7/20/02 22:06,360,360,1941,1941,gid_soho_9858,7/20/02 21:04,7/20/02 21:30,26,-100,-13,X3.3,,,,28,21.62,2.51,,,7060000,974000,,,28.5,7/23/02 10:25,7/20/02 21:07,7/20/02 21:30,1,P,,,Fe-poor; ; ; slow rise-peak at the shock,Flare location verified by SRAG-SEP List; Behind Eastern Limb event,7/20/02 15:20,7/25/02 3:55
10,gsep_225,psep_224,cdaw_sep_069,8/14/02 2:20,8/14/02 2:50,8/14/02 16:20,26,lasco_6506,8/14/02 1:39,8/14/02 2:30,133,133,1309,1309,gid_soho_10087,8/14/02 1:47,8/14/02 2:12,25,54,9,M2.3,10061,FALSE,,26,19.17,1.18,,,627000,117000,,,26.4,8/14/02 16:20,8/14/02 1:57,8/14/02 2:20,1,P,,,Fe-rich;e-rich;p-poor; ,,8/13/02 14:50,8/15/02 3:20
10,gsep_226,psep_225,,8/16/02 18:05,,,,lasco_6522,8/16/02 12:01,8/16/02 12:30,360,360,1585,1585,gid_soho_10106,8/16/02 11:32,8/16/02 12:32,60,-20,-14,M5.2,10069,FALSE,,,4.54,1.07,,,915000,332000,,,4.88,8/17/02 15:50,,,0,P,,,Fe-rich;e-rich;p-poor; ,,8/16/02 6:05,8/18/02 20:05
10,gsep_227,psep_226,cdaw_sep_070,8/22/02 2:25,8/22/02 2:40,8/22/02 9:40,36,lasco_6561,8/22/02 1:13,8/22/02 2:06,360,48,998,248,gid_soho_10197,8/22/02 1:47,8/22/02 1:57,10,62,-7,M5.4,10069,FALSE,,36,29.6,9.85,2.97,0.92,1440000,397000,134000,52600,36.4,8/22/02 9:40,8/22/02 1:55,8/22/02 2:45,1,P,,,Fe-rich; ;p-rich; ,,8/21/02 14:40,8/23/02 3:25
10,gsep_228,psep_227,cdaw_sep_071,8/24/02 1:15,8/24/02 1:30,8/24/02 8:35,317,lasco_6580,8/24/02 0:51,8/24/02 1:27,360,360,1913,1913,gid_soho_10218,8/24/02 0:49,8/24/02 1:12,23,81,-2,X3.1,10069,FALSE,,317,241.41,104.46,39.6,15.58,19900000,3060000,855000,296000,317,8/24/02 8:35,8/24/02 1:09,8/24/02 1:45,1,P,,,Fe-rich; ;p-rich; ,,8/23/02 13:30,8/26/02 15:45
10,gsep_229,psep_228,cdaw_sep_072,9/6/02 1:05,9/6/02 3:50,9/7/02 16:50,28,lasco_6660,9/5/02 16:26,9/5/02 16:54,360,360,1748,1748,gid_soho_10331,9/5/02 16:18,9/5/02 17:06,48,-28,9,C5.2,10102,FALSE,,208,145.94,2.86,,,2340000,289000,,,208,9/7/02 16:50,9/5/02 16:35,9/5/02 16:55,1,P,,,Fe-poor; ; ; slow rise-peak at the shock,,9/5/02 15:50,9/8/02 15:35
10,gsep_230,psep_229,,11/1/02 18:40,,,,,,, , , , ,,,,,,,,,,,,2.54,,,,191000,,,,2.13,11/2/02 0:15,,,0,P,,,,SRAG-SEP considers this as a farside event.,11/1/02 6:40,11/4/02 9:10
10,gsep_231,psep_230,cdaw_sep_073,11/9/02 14:00,11/9/02 15:25,11/10/02 5:40,404,lasco_7004,11/9/02 13:06,11/9/02 13:31,360,360,1838,1838,gid_soho_10820,11/9/02 13:08,11/9/02 13:23,15,29,-12,M4.6,10180,FALSE,,404,278,8.04,0.87,,8290000,457000,126000,,404,11/10/02 5:40,11/9/02 13:17,11/9/02 13:20,1,P,,,Fe-poor; ;p-rich; shock passage,,11/9/02 3:25,11/11/02 7:40
10,gsep_232,psep_231,,11/25/02 5:40,,,,lasco_7072,11/24/02 19:52,11/24/02 20:30,360,360,1077,1077,,11/24/02 18:47,11/24/02 19:18,31,-27,10,C1.8,,,,,2.73,,,,325000,,,,2.22,11/27/02 5:00,,,0,P,,,Fe-poor; ; ; slow rise-peak at the shock,Flare location verified by SRAG-SEP List; Peak observed post-shock.,11/24/02 17:40,11/27/02 10:00
10,gsep_233,psep_232,,12/20/02 0:00,,,,lasco_7151,12/19/02 21:16,12/19/02 22:06,360,360,1092,1092,gid_soho_11074,12/19/02 21:34,12/19/02 21:53,19,10,16,M2.7,10229,FALSE,,,3.86,,,,127000,,,,4.22,12/20/02 2:15,,,0,P,,,Fe-rich;e-rich;p-poor; ,,12/19/02 12:00,12/21/02 0:00
10,gsep_234,psep_233,cdaw_sep_074,5/28/03 5:25,5/28/03 4:15,5/29/03 15:30,31,lasco_7763,5/28/03 0:13,5/28/03 0:50,360,360,1366,1366,gid_soho_11658,5/28/03 0:17,5/28/03 0:27,10,20,-7,X3.6,10365,FALSE,,121,86.55,2.4,0.69,0.52,2740000,272000,116000,60700,121,5/29/03 15:30,5/28/03 0:26,5/28/03 1:00,1,P,,,Fe-rich;e-rich;p-poor; ,Flare location verified by SRAG-SEP List; Peak observed post-shock.,5/27/03 16:15,5/30/03 7:25
10,gsep_235,psep_234,cdaw_sep_075,5/31/03 2:40,5/31/03 3:00,5/31/03 6:45,27,lasco_7772,5/31/03 2:14,5/31/03 2:30,360,360,1835,1835,gid_soho_11678,5/31/03 2:13,5/31/03 2:24,11,65,-7,M9.3,10365,FALSE,,27,22.46,5.43,1.69,0.58,810000,187000,59200,22900,27,5/31/03 6:45,5/31/03 2:20,5/31/03 3:00,1,P,,,Fe-rich;e-rich;p-poor; ,,5/30/03 15:00,5/31/03 23:30
10,gsep_236,psep_235,cdaw_sep_076,6/18/03 0:50,6/18/03 9:15,6/19/03 4:50,24,lasco_7836,6/17/03 22:32,6/17/03 23:18,360,360,1813,1813,gid_soho_11823,6/17/03 22:27,6/17/03 22:55,28,-58,-8,M6.8,10386,FALSE,,24,24.71,0.89,,,2240000,167000,,,16,6/19/03 6:20,6/17/03 22:48,6/17/03 22:50,1,S,,Missing recordings of a channel,,Flare location verified by SRAG-SEP List; Data Gaps,6/17/03 21:15,6/19/03 9:00
11,gsep_237,psep_236,,10/23/03 0:45,,,,lasco_8143,10/22/03 8:29,10/22/03 8:30,267,267,719,719,gid_soho_12289,10/22/03 9:37,10/22/03 9:56,19,-89,-16,M1.7,10486,FALSE,,,5.62,,,,440000,,,,2.6,10/23/03 13:45,,,0,P,Poor fit for CME launch time ,,,,10/22/03 12:45,10/24/03 17:35
11,gsep_238,psep_237,cdaw_sep_077,10/26/03 17:40,10/26/03 18:00,10/26/03 22:35,466,lasco_8163,10/26/03 17:33,10/26/03 17:54,171,171,1537,1537,gid_soho_12323,10/26/03 17:21,10/26/03 18:19,58,38,2,X1.2,10484,FALSE,,466,458.32,25.43,2.77,0.65,13800000,960000,128000,37900,466,10/26/03 22:35,10/26/03 17:35,10/26/03 17:45,1,P,,,Fe-poor; ;p-rich; shock passage,,10/26/03 6:00,10/27/03 18:30
11,gsep_239,psep_238,cdaw_sep_078,10/28/03 11:35,10/28/03 11:45,10/29/03 6:15,5780,lasco_8174,10/28/03 11:01,10/28/03 11:30,360,360,2459,2459,gid_soho_12344,10/28/03 9:51,10/28/03 11:10,79,-8,-16,X17.2,10486,FALSE,,29500,25849.21,3098.57,388.29,50.17,839000000,148000000,18200000,2480000,29500,10/29/03 6:15,10/28/03 11:02,10/28/03 11:10,1,P,,,Fe-poor; ;p-rich; shock passage,,10/27/03 23:45,10/29/03 21:35
11,gsep_240,psep_239,cdaw_sep_079,10/29/03 21:45,10/29/03 21:55,10/30/03 19:35,2790,lasco_8176,10/29/03 20:35,10/29/03 20:54,360,360,2029,2029,gid_soho_12347,10/29/03 20:37,10/29/03 20:49,12,2,-15,X10.0,10486,FALSE,,3300,3238.28,613.87,151.22,42.72,158000000,27300000,5370000,1240000,3300,10/30/03 19:35,10/29/03 20:40,10/29/03 20:55,1,P,,,Fe-poor; ;p-rich; shock passage,,10/29/03 9:55,10/31/03 10:45
11,gsep_241,,cdaw_sep_080,11/2/03 10:55,11/2/03 10:55,11/2/03 14:15,30,lasco_8185,11/2/03 9:00,11/2/03 9:30,360,360,2036,2036,,,,,,,,,,,30,,,,,,,,,30.1,11/2/03 14:15,11/2/03 9:16,11/2/03 9:23,1,P,,,,Behind Western Limb - SRAG-SEP,11/1/03 22:55,11/2/03 17:10
11,gsep_242,psep_240,cdaw_sep_081,11/2/03 17:20,11/2/03 17:35,11/3/03 8:15,1570,lasco_8187,11/2/03 17:15,11/2/03 17:30,360,360,2598,2598,gid_soho_12383,11/2/03 17:03,11/2/03 17:25,22,56,-14,X8.3,10486,FALSE,,1570,1445.06,287.93,62.64,20,108000000,9610000,1370000,300000,1570,11/3/03 8:15,11/2/03 17:14,11/2/03 17:30,1,P,,,Fe-poor; ;p-rich; shock passage,,11/2/03 5:35,11/4/03 19:30
11,gsep_243,psep_241,cdaw_sep_082,11/4/03 21:40,11/4/03 22:15,11/5/03 6:00,353,lasco_8194,11/4/03 19:38,11/4/03 19:54,360,360,2657,2657,gid_soho_12396,11/4/03 19:29,11/4/03 19:50,21,83,-19,X28.0,10486,FALSE,,353,326.98,34.65,3.53,1.16,16900000,1870000,324000,107000,353,11/5/03 6:00,11/4/03 19:42,11/4/03 20:00,1,P,,,Fe-poor; ;p-rich; shock passage,,11/4/03 10:15,11/6/03 23:10
11,gsep_244,psep_242,,11/20/03 8:20,,,,lasco_8234,11/20/03 7:20,11/20/03 8:06,360,360,669,669,gid_soho_12457,11/20/03 7:35,11/20/03 7:47,12,8,1,M9.6,10501,FALSE,,,8.17,1.19,,,268000,55500,,,6.12,11/20/03 11:15,,,0,P,This SEP has the same source eruption as psep_243,,Fe-rich;e-rich;p-poor; ,,11/19/03 20:20,11/21/03 4:30
11,gsep_245,psep_243,cdaw_sep_083,11/21/03 4:45,11/21/03 16:30,11/22/03 2:30,14,,,11/20/03 23:53,52,52,494,494,gid_soho_12456,11/20/03 23:42,11/20/03 23:53,11,17,2,M5.8,10501,FALSE,,14,16.53,1.36,,,2480000,286000,,,13.9,11/22/03 2:30,,,1,P,,,,CME Data as in SRAG-SEP,11/21/03 4:30,11/23/03 22:55
11,gsep_246,psep_244,cdaw_sep_084,12/2/03 12:15,12/2/03 12:25,12/2/03 18:20,89,lasco_8265,12/2/03 10:15,12/2/03 10:50,150,150,1393,1393,gid_soho_12522,12/2/03 10:47,12/2/03 11:49,62,92,-14,C8.0,10508,FALSE,,89,104.76,2.44,,,4410000,275000,,,88.9,12/2/03 18:20,,,1,P,,Large data gap,Fe-poor; ;p-rich; no shock passage,Flare location verified by SRAG-SEP List; Behind Western Limb,12/2/03 0:25,12/4/03 5:55
11,gsep_247,psep_245,cdaw_sep_085,4/11/04 5:40,4/11/04 6:10,4/11/04 18:45,35,lasco_8637,4/11/04 3:53,4/11/04 4:30,314,314,1645,1645,gid_soho_12894,4/11/04 3:54,4/11/04 4:19,25,46,-16,C9.6,10588,FALSE,,35,45.03,1.9,,,2030000,163000,,,35.5,4/11/04 18:45,,,1,P,,,Fe-rich; ;p-rich; ,,4/10/04 18:10,4/12/04 13:20
11,gsep_248,psep_246,,7/22/04 18:30,,,,,,7/22/04 8:30,899,151,899,700,gid_soho_13174,7/22/04 7:41,7/22/04 7:59,18,-10,4,C5.3,10652,FALSE,,,5.9,1.47,,,621000,229000,,,4.29,7/23/04 19:15,,,0,P,,,Fe-rich;e-rich;p-poor; ,CME Data as in SRAG-SEP,7/22/04 6:30,7/24/04 12:20
11,gsep_249,psep_247,cdaw_sep_086,7/25/04 16:30,7/25/04 16:55,7/26/04 22:50,77,lasco_8992,7/25/04 14:32,7/25/04 14:54,360,360,1333,1333,gid_soho_13202,7/25/04 14:19,7/25/04 15:14,55,33,8,M1.1,10652,FALSE,,2090,2350.25,20.16,1.11,,13400000,595000,172000,,2090,7/26/04 22:50,7/25/04 15:21,7/25/04 15:00,1,P,,,Fe-poor; ; ; slow rise-peak at the shock,,7/25/04 4:55,7/27/04 7:00
11,gsep_250,psep_248,,7/31/04 20:45,,,,lasco_9012,7/31/04 5:43,7/31/04 5:54,197,197,1192,1192,gid_soho_13238,7/31/04 5:16,7/31/04 6:57,101,105,8,C8.4,10652,FALSE,,,9.12,1.91,,,579000,199000,,,7.89,8/1/04 21:50,,,0,P,Poor fit for CME launch time ,,,Flare location verified by SRAG-SEP List; Behind Western Limb,7/31/04 8:45,8/2/04 11:15
11,gsep_251,psep_249,cdaw_sep_087,9/13/04 17:25,9/13/04 20:00,9/14/04 0:05,273,lasco_9110,9/12/04 0:22,9/12/04 0:36,360,360,1328,1328,gid_soho_13394,9/12/04 0:04,9/12/04 0:56,52,-49,3,M4.8,10672,FALSE,,273,315.71,5.24,0.98,,14500000,486000,205000,,273,9/14/04 0:05,9/13/04 0:23,9/13/04 0:45,1,P,,,Fe-poor; ; ; slow rise-peak at the shock,,9/13/04 8:00,9/15/04 0:05
11,gsep_252,psep_250,cdaw_sep_088,9/19/04 17:25,9/19/04 18:10,9/20/04 1:00,57,,,, , , , ,gid_soho_13411,9/19/04 16:46,9/19/04 17:12,26,58,3,M1.9,10672,FALSE,,57,56.42,6.17,3.04,2.92,1950000,379000,146000,73300,57.3,9/20/04 1:00,9/19/04 16:56,9/19/04 17:15,1,P,,,Fe-poor; ;p-rich; shock passage,,9/19/04 6:10,9/20/04 11:05
11,gsep_253,psep_251,,10/30/04 6:00,,,,lasco_9229,10/30/04 5:41,10/30/04 6:54,360,360,422,422,gid_soho_13500,10/30/04 6:08,10/30/04 6:18,10,22,13,M4.2,10691,FALSE,,,3.96,,,,337000,,,,2.68,10/30/04 20:50,,,0,P,,,Fe-rich;e-rich;p-poor; ,,10/29/04 18:00,10/31/04 17:50
11,gsep_254,psep_252,cdaw_sep_089,11/1/04 6:00,11/1/04 6:10,11/1/04 8:05,63,lasco_9242,10/30/04 5:25,11/1/04 6:06,146,266,925,925,,,,,,, ,,,,63,58.3,12.1,2.82,0.73,1580000,375000,115000,46000,63.1,11/1/04 8:05,,,1,P,,,Fe-rich; ;p-rich; ,,10/31/04 18:10,11/1/04 18:30
11,gsep_255,psep_253,cdaw_sep_090,11/7/04 17:40,11/7/04 18:25,11/8/04 1:15,495,lasco_9267,11/7/04 16:15,11/7/04 16:54,360,360,1759,1759,gid_soho_13573,11/7/04 15:42,11/7/04 16:06,24,17,9,X2.0,10696,FALSE,,495,522.56,16.29,1.74,,13800000,452000,74700,,495,11/8/04 1:15,11/7/04 15:59,11/7/04 16:25,1,P,,,Fe-poor; ;p-rich; shock passage,,11/7/04 6:25,11/8/04 14:10
11,gsep_256,psep_254,,11/8/04 17:20,,,,lasco_9272,11/8/04 14:02,11/8/04 14:54,23,23,605,605,,,,,,, ,,,,,144.11,4.62,,,6390000,227000,,,124,11/9/04 0:40,,,0,P,,,,CME Data as in SRAG-SEP,11/8/04 5:20,11/9/04 19:50
11,gsep_257,,cdaw_sep_091,11/9/04 20:00,11/9/04 20:00,11/9/04 21:30,82,lasco_9275,11/9/04 16:56,11/9/04 17:26,360,360,2000,2000,gid_soho_13588,11/9/04 16:59,11/9/04 17:19,20,51,8,M8.9,10696,FALSE,,82,,,,,,,,,82.4,11/9/04 21:30,11/9/04 17:24,11/9/04 17:35,1,P,"Taken from CDAW -    SOHO shock 09/18:24 UT (unrelated, 07/16:54, prev. event)",,,,11/9/04 8:00,11/10/04 3:00
11,gsep_258,psep_255,cdaw_sep_092,11/10/04 3:05,11/10/04 3:15,11/10/04 16:55,424,lasco_9277,11/10/04 2:05,11/10/04 2:26,360,360,3387,3387,gid_soho_13595,11/10/04 1:59,11/10/04 2:13,14,49,9,X2.5,10696,FALSE,,424,415.2,30.19,4.15,1.08,22200000,2100000,425000,160000,424,11/10/04 16:55,11/10/04 2:07,11/10/04 2:25,1,P,,,Fe-poor; ;p-rich; shock passage,,11/9/04 15:15,11/12/04 17:35
11,gsep_259,psep_256,,12/3/04 13:30,,,,lasco_9347,12/3/04 23:44,12/3/04 0:26,360,360,1216,1216,gid_soho_13640,12/2/04 23:44,12/3/04 0:06,22,2,8,M1.5,10708,FALSE,,,5.15,,,,695000,,,,3.18,12/3/04 21:25,,,0,P,,,Fe-poor; ; ; slow rise-peak at the shock,,12/3/04 1:30,12/5/04 7:10
11,gsep_260,psep_257,,1/15/05 7:55,,,,,,1/15/05 6:30,360,360,2049,2049,gid_soho_13751,1/15/05 5:54,1/15/05 6:38,44,-4,16,M8.6,10720,FALSE,,,10.66,2.14,0.83,,349000,81700,35700,,14.2,1/15/05 19:15,,,0,P,This SEP has the same source eruption as psep_258,Brief data gap,Fe-poor; ;p-rich; no shock passage,,1/14/05 19:55,1/15/05 20:25
11,gsep_261,psep_258,cdaw_sep_093,1/16/05 0:55,1/16/05 1:05,1/16/05 18:40,365,lasco_9469,1/15/05 22:36,1/15/05 23:06,360,360,2861,2861,gid_soho_13737,1/15/05 22:25,1/15/05 23:02,37,5,15,X2.6,10720,FALSE,,365,356.2,30.63,2.75,,21800000,1620000,184000,,365,1/16/05 18:40,1/15/05 22:24,1/15/05 23:00,1,P,This SEP has the same source eruption as psep_257,,Fe-poor; ;p-rich; shock passage,,1/15/05 13:05,1/17/05 12:15
11,gsep_262,psep_259,cdaw_sep_094,1/17/05 12:25,1/17/05 12:40,1/17/05 17:50,5040,lasco_9474,1/17/05 9:38,1/17/05 9:54,360,360,2547,2094,gid_soho_13763,1/17/05 6:59,1/17/05 9:52,173,25,15,X3.8,10720,FALSE,,5040,4220.47,771.52,72.48,7.24,176000000,29100000,2910000,322000,5040,1/17/05 17:50,1/17/05 9:43,1/17/05 10:00,1,P,,,Fe-poor; ;p-rich; shock passage,,1/17/05 0:40,1/19/05 14:00
11,gsep_263,psep_260,cdaw_sep_095,1/20/05 6:40,1/20/05 6:55,1/20/05 8:10,1860,lasco_9485,1/20/05 5:55,1/20/05 6:54,360,360,882,3256,gid_soho_13789,1/20/05 6:36,1/20/05 7:01,25,61,14,X7.1,10720,FALSE,,1860,2684.11,1405.89,861.13,480,73600000,24600000,8740000,3220000,1860,1/20/05 8:10,1/20/05 6:44,1/20/05 7:15,1,P,,,Fe-rich; ;p-rich; ,,1/19/05 18:55,1/22/05 0:20
11,gsep_264,psep_261,,5/6/05 3:50,,,,,,5/6/05 11:54,129,129,1120,1120,gid_soho_13886,5/6/05 11:11,5/6/05 11:28,17,76,-4,M1.3,10756,FALSE,,,5.67,,,,627000,,,,3.28,5/7/05 9:45,,,0,P,,,Fe-rich;e-rich;p-poor; ,CME Data as in SRAG-SEP; Papaionnau et al. (2016) data was wrong for flare start and end times.,5/5/05 15:50,5/7/05 21:20
11,gsep_265,psep_262,cdaw_sep_096,5/13/05 18:25,5/13/05 18:45,5/15/05 2:40,338,lasco_9887,5/13/05 16:40,5/13/05 17:12,360,360,1689,1689,gid_soho_13940,5/13/05 16:13,5/13/05 16:57,44,-11,12,M8.0,10759,FALSE,,3140,4019.83,10.18,,,36500000,528000,,,3140,5/15/05 2:40,5/13/05 16:38,5/13/05 17:00,1,P,Poor fit (only two data points) for CME launch time,,Fe-poor; ; ; slow rise-peak at the shock,,5/13/05 6:45,5/15/05 12:05
11,gsep_266,psep_263,cdaw_sep_097,6/16/05 20:25,6/16/05 20:45,6/17/05 5:00,44,,,, , , , ,,6/16/05 20:01,6/16/05 20:22,21,90,8,M4.0,10775,FALSE,,44,43,13.33,4.45,1.36,2310000,691000,217000,79100,43.8,6/17/05 5:00,,,1,P,Info taken from https://solarmonitor.org/motd_pop.php?date=20050617 for the flare and source AR.,,Fe-rich; ;p-rich; ,,6/16/05 8:45,6/17/05 21:05
11,gsep_267,psep_264,,7/13/05 17:15,,,,lasco_10115,7/13/05 14:03,7/13/05 14:30,360,360,1423,1423,gid_soho_14101,7/13/05 14:01,7/13/05 14:49,48,90,11,M5.0,10786,FALSE,,,15.13,1.69,,,514000,81800,,,12.5,7/14/05 2:55,,,0,P,,,Fe-rich;e-rich;p-poor; ,,7/13/05 5:15,7/14/05 12:45
11,gsep_268,psep_265,cdaw_sep_098,7/14/05 12:55,7/14/05 13:05,7/15/05 3:45,134,lasco_10121,7/14/05 10:21,7/14/05 10:54,360,360,2115,2115,gid_soho_14108,7/14/05 10:16,7/14/05 10:55,39,90,11,X1.2,10786,FALSE,,134,121.65,9.19,1.11,,11000000,826000,175000,,134,7/15/05 3:45,,,1,P,,,Fe-poor; ;p-rich; shock passage,Flare location verified by SRAG-SEP List,7/14/05 1:05,7/17/05 3:25
11,gsep_269,psep_266,cdaw_sep_099,7/17/05 13:25,7/17/05 14:15,7/17/05 22:40,22,lasco_10143,7/17/05 11:11,7/17/05 11:30,360,120,1527,1527,,,,,116,9, ,10789,TRUE,,22,22.71,3.35,0.77,,1800000,410000,180000,,22.1,7/17/05 22:40,,,1,P,,,Fe-poor; ;p-rich; no shock passage,CME and flare location verified as in SRAG-SEP List,7/17/05 2:15,7/18/05 23:55
11,gsep_270,psep_267,,7/26/05 20:55,,,,lasco_10178,7/26/05 4:11,7/26/05 4:54,360,360,1458,1458,,,,,,, ,,,,,43.86,3.04,0.92,,12100000,1330000,528000,,7.83,7/27/05 21:55,,,0,P,,,,,7/26/05 8:55,7/27/05 22:15
11,gsep_271,,cdaw_sep_100,7/27/05 22:25,7/27/05 22:25,7/29/05 17:15,41,lasco_10183,7/27/05 4:34,7/27/05 4:54,360,360,1787,1787,gid_soho_14128,7/27/05 4:33,7/27/05 5:02,29,-90,11,M3.7,10792,FALSE,,41,,,,,,,,,41.1,7/29/05 17:15,,,1,P,,,,,7/27/05 10:25,8/1/05 10:15
11,gsep_272,psep_268,,8/22/05 2:25,,,,lasco_10282,8/22/05 0:52,8/22/05 1:31,360,360,1194,1194,gid_soho_14158,8/22/05 0:44,8/22/05 1:33,49,54,-11,M2.6,10798,FALSE,,,8.99,1.41,0.77,,287000,63800,31300,,7.28,8/22/05 6:40,,,0,P,,,Fe-rich; ;p-rich; ,,8/21/05 14:25,8/22/05 19:00
11,gsep_273,psep_269,cdaw_sep_101,8/22/05 19:10,8/22/05 19:20,8/23/05 10:45,337,lasco_10287,8/22/05 17:00,8/22/05 17:30,360,360,2378,2378,gid_soho_14159,8/22/05 16:46,8/22/05 17:27,41,65,-13,M5.6,10798,FALSE,,337,345.68,16.18,1.52,0.97,24700000,1090000,220000,98600,337,8/23/05 10:45,,,1,P,,,Fe-poor; ;p-rich; shock passage,,8/22/05 7:20,8/24/05 12:40
11,gsep_274,psep_270,cdaw_sep_102,9/7/05 20:00,9/7/05 20:10,9/11/05 4:25,45,,,, , , , ,gid_soho_14184,9/7/05 17:17,9/7/05 17:40,23,-77,-11,X17.0,10808,FALSE,,1880,1941.83,108.1,14.54,3.25,154000000,15200000,2420000,563000,1880,9/11/05 4:25,9/7/05 17:42,9/7/05 18:05,1,P,,,Fe-poor; ; ; slow rise-peak at the shock,,9/7/05 8:10,9/13/05 22:40
11,gsep_275,psep_271,cdaw_sep_103,9/13/05 22:50,9/13/05 23:00,9/14/05 15:20,183,lasco_10371,9/13/05 19:35,9/13/05 20:00,360,360,1866,1866,gid_soho_14240,9/13/05 19:19,9/13/05 19:27,8,-10,-9,X1.5,10808,FALSE,,183,276.2,8.04,1.04,,15700000,758000,151000,,235,9/15/05 9:05,,,1,P,,,Fe-poor; ;p-rich; shock passage,,9/13/05 11:00,9/16/05 13:20
11,gsep_276,psep_272,,7/6/06 10:15,,,,lasco_11181,7/6/06 8:20,7/6/06 8:54,360,360,911,911,gid_soho_14431,7/6/06 8:13,7/6/06 8:36,23,34,-9,M2.5,10898,FALSE,,,4.18,1.64,,,308000,141000,,,2.58,7/7/06 2:50,,,0,P,,,,,7/5/06 22:15,7/8/06 3:55
11,gsep_277,psep_273,,12/5/06 14:35,,,,,,, , , , ,gid_soho_14506,12/5/06 10:18,12/5/06 10:35,17,-68,-7,X9.0,10930,FALSE,,,10.29,2.68,,,483000,162000,,,16.8,12/6/06 18:45,,,0,P,,,Fe-poor; ; ; slow rise-peak at the shock,,12/5/06 2:35,12/6/06 18:45
11,gsep_278,psep_274,cdaw_sep_104,12/6/06 18:55,12/6/06 23:15,12/7/06 18:40,290,lasco_11663,,12/6/06 20:12,360, , , ,gid_soho_14510,12/6/06 18:29,12/6/06 18:47,18,-64,-5,X6.5,10930,FALSE,,1980,1901.34,229.35,33.66,6.89,150000000,17000000,2460000,511000,1980,12/7/06 18:40,12/6/06 18:42,12/6/06 19:00,1,P,No data points; no fit for CME launch time,,Fe-poor; ; ; slow rise-peak at the shock,,12/6/06 11:15,12/11/06 3:05
11,gsep_279,psep_275,cdaw_sep_105,12/13/06 2:35,12/13/06 2:55,12/13/06 9:25,698,lasco_11677,12/13/06 2:18,12/13/06 2:54,360,360,1774,1774,gid_soho_14535,12/13/06 2:14,12/13/06 2:40,26,23,-6,X3.4,10930,FALSE,,698,690.88,302.84,109.86,39.97,39800000,9860000,2740000,804000,698,12/13/06 9:25,12/13/06 2:26,12/13/06 2:45,1,P,,,Fe-rich; ;p-rich; ,,12/12/06 14:55,12/14/06 21:30
11,gsep_280,psep_276,cdaw_sep_106,12/14/06 22:40,12/14/06 22:55,12/15/06 0:15,215,lasco_11681,12/14/06 21:49,12/14/06 22:30,360,360,1041,1042,gid_soho_14537,12/14/06 21:07,12/14/06 22:15,68,46,-6,X1.5,10930,FALSE,,215,17.77,3.66,1.12,0.52,807000,220000,90200,43200,215,12/15/06 0:15,12/14/06 22:09,12/14/06 22:30,1,P,,,Fe-rich; ;p-rich; ,,12/14/06 10:55,12/15/06 11:00
11,gsep_281,psep_277,,8/3/10 14:45,,,,lasco_15378,8/3/10 6:58,8/3/10 11:12,21,21,221,221,,,,,,, ,,,,,7.46,,,,240000,,,,5.2895,8/3/10 19:30,,,0,P,,,,,8/3/10 2:45,8/4/10 7:25
11,gsep_282,psep_278,cdaw_sep_107,8/14/10 10:30,8/14/10 11:05,8/14/10 12:45,14,lasco_15414,8/14/10 9:39,8/14/10 10:12,360,360,1205,1205,gid_sdo_34,8/14/10 9:38,8/14/10 10:05,27,50,17,C4.4,11099,FALSE,115,14,16.19,2.32,,,858000,423000,,,14.179,8/14/10 12:45,8/14/10 9:52,,1,P,,,,,8/13/10 23:05,8/14/10 23:30
11,gsep_283,psep_279,,8/18/10 7:20,,,,lasco_15427,8/18/10 5:21,8/18/10 5:48,184,184,1471,1471,gid_sdo_41,8/18/10 4:45,8/18/10 5:48,63,90,17,C4.5,11099,TRUE,115,,5.61,,,,400000,,,,4.1254,8/18/10 13:10,,,0,P,,,,,8/17/10 19:20,8/19/10 8:20
13,gsep_293,psep_289,,9/6/11 1:45,,,,lasco_17136,9/6/11 1:45,9/6/11 2:24,360,360,782,782,gid_sdo_802,9/6/11 22:12,9/6/11 22:20,8,18,14,X2.1,11283,TRUE,833,,7.66,2.99,1.22,0.63,900000,455000,241000,130000,8.8469,9/7/11 7:15,,,0,P,Complex event. It starts around 2011-09-06 23:00. There is also another 10 MeV event which is associated to an M5.3.,,,,9/5/11 13:45,9/8/11 3:15
13,gsep_294,psep_290,cdaw_sep_113,9/22/11 22:30,9/22/11 17:55,9/26/11 11:55,14,lasco_17243,9/22/11 10:27,9/22/11 10:48,360,360,1905,1905,gid_sdo_899,9/22/11 10:29,9/22/11 11:01,32,-78,13,X1.4,11302,FALSE,892,35,22.99,2.15,0.98,,4630000,950000,466000,,38.978,9/26/11 12:35,9/22/11 10:39,9/22/11 11:05,1,P,,,,,9/22/11 5:55,9/28/11 3:30
13,gsep_295,psep_291,,10/22/11 12:15,,,,lasco_17447,10/22/11 10:07,10/22/11 10:24,360,360,1005,1005,gid_sdo_1068,10/22/11 10:00,10/22/11 11:10,70,77,25,M1.3,11314,FALSE,940,,7.88,,,,824000,,,,13.181,10/23/11 15:35,,,0,P,,,,,10/22/11 0:15,10/24/11 4:45
13,gsep_320,,cdaw_sep_131,4/11/13 8:25,4/11/13 8:25,4/11/13 16:45,114,lasco_20713,4/11/13 6:36,4/11/13 7:24,360,360,861,861,gid_sdo_3134,4/11/13 6:56,4/11/13 7:16,20,-12,9,M6.5,11719,FALSE,2635,114,,,,,,,,,113.55,4/11/13 16:45,4/11/13 7:02,4/11/13 7:10,1,P,,,,,4/10/13 20:25,4/12/13 9:05
13,gsep_324,,cdaw_sep_135,9/30/13 0:25,9/30/13 0:25,9/30/13 20:05,182,lasco_21706,9/29/13 21:42,9/29/13 22:12,360,,1179,1179,,9/29/13 20:42,9/29/13 23:32,172,29,17,C1.3,11850,TRUE,3199,182,,,,,,,,,181.81,9/30/13 20:05,,,1,P,,,,,9/29/13 12:25,10/2/13 10:25
13,gsep_325,,cdaw_sep_136,12/28/13 19:00,12/28/13 19:00,12/28/13 23:15,29,lasco_22365,12/28/13 16:58,12/28/13 17:36,360,,1118,1118,,,,,,,,,,,29,,,,,,,,,29.277,12/28/13 23:15,,,1,P,,,,,12/28/13 7:00,12/30/13 0:00
13,gsep_326,,cdaw_sep_137,1/6/14 8:15,1/6/14 8:15,1/6/14 16:00,42,lasco_22425,1/6/14 7:25,1/6/14 8:00,360,,1402,1402,,1/6/14 7:30,1/6/14 7:45,15,89,-15,C2.1,11936,TRUE,3535,42,,,,,,,,,42.17,1/6/14 16:00,1/6/14 7:45,1/6/14 7:58,1,P,,,,Flare location from SDO/AIA,1/5/14 20:15,1/7/14 19:14
13,gsep_327,,cdaw_sep_138,1/7/14 19:55,1/7/14 19:55,1/9/14 3:40,1026,lasco_22433,1/7/14 17:58,1/7/14 18:24,360,,1830,1830,gid_sdo_4424,1/7/14 18:04,1/7/14 18:32,28,11,-15,X1.2,11944,FALSE,3563,1026,,,,,,,,,1026.1,1/9/14 3:40,1/7/14 18:17,1/7/14 18:27,1,P,,,,,1/7/14 7:55,1/10/14 14:15
13,gsep_328,,cdaw_sep_139,2/20/14 8:15,2/20/14 8:15,2/20/14 9:25,22,lasco_22731,2/20/14 7:16,2/20/14 8:00,360,,948,948,gid_sdo_4714,2/20/14 7:26,2/20/14 7:56,30,73,-15,M3.0,11976,FALSE,3730,22,,,,,,,,,22.252,2/20/14 9:25,2/20/14 7:45,2/20/14 8:06,1,P,,,,,2/19/14 20:15,2/20/14 16:35
13,gsep_329,,cdaw_sep_140,2/25/14 3:50,2/25/14 3:50,2/26/14 0:10,24,lasco_22756,2/25/14 0:27,2/25/14 1:25,360,,2147,2147,gid_sdo_4739,2/25/14 0:39,2/25/14 0:49,10,-82,-12,X4.9,11990,FALSE,3793,103,,,,,,,,,102.64,2/28/14 8:45,2/25/14 0:56,2/25/14 0:56,1,P,,,,Second peak noticed,2/26/14 1:00,3/2/14 8:50
13,gsep_333,,cdaw_sep_144,6/18/15 4:35,6/18/15 4:35,6/18/15 14:45,17,lasco_25859,6/18/15 0:48,6/18/15 1:25,195,,1714,1714,gid_sdo_7217,6/18/15 0:33,6/18/15 1:27,54,81,-16,M1.2,12365,FALSE,5653,17,,,,,,,,,16.77,6/18/15 14:45,,,1,P,,,,,6/17/15 16:35,6/19/15 13:35
13,gsep_334,,cdaw_sep_145,6/21/15 4:05,6/21/15 4:05,6/22/15 19:00,278,lasco_25875,6/21/15 2:06,6/21/15 2:36,360,,1366,1366,gid_sdo_7240,6/21/15 2:06,6/21/15 2:36,30,-16,12,M2.6,12371,FALSE,5692,1066,,,,,,,,,1233.3,6/22/15 18:55,6/21/15 2:25,6/21/15 2:33,1,P,,,,,6/20/15 16:05,6/23/15 22:25
13,gsep_335,,cdaw_sep_146,6/25/15 10:05,6/25/15 10:05,6/27/15 0:30,22,lasco_25898,6/25/15 8:10,6/25/15 8:36,360,,1627,1627,gid_sdo_7260,6/25/15 8:02,6/25/15 8:16,14,42,9,M7.9,12371,FALSE,5692,22,,,,,,,,,22.449,6/27/15 0:30,6/25/15 8:16,6/25/15 8:35,1,P,,,,,6/24/15 22:05,6/27/15 10:05
13,gsep_338,,cdaw_sep_149,7/14/17 4:40,7/14/17 4:40,7/14/17 23:20,22,lasco_28753,7/14/17 1:02,7/14/17 1:25,360,,1200,1200,gid_sdo_8365,7/14/17 1:07,7/14/17 2:09,62,29,-6,M2.4,12665,FALSE,7075,22,,,,,,,,,22.374,7/14/17 23:20,,,1,P,,,,,7/13/17 16:40,7/16/17 19:40
15,gsep_284,psep_280,cdaw_sep_108,3/7/11 22:45,3/7/11 21:45,3/8/11 8:00,50,lasco_16092,3/7/11 19:45,3/7/11 20:00,360,360,2125,2125,gid_sdo_322,3/7/11 19:43,3/7/11 20:12,29,59,24,M3.7,11164,FALSE,393,50,32.91,3.71,1.08,,3900000,641000,301000,,50.386,3/8/11 8:00,3/7/11 19:54,3/7/11 20:00,1,P,,,,,3/7/11 9:45,3/10/11 10:05
15,gsep_285,psep_281,,3/21/11 3:25,,,,lasco_16165,3/21/11 2:04,3/21/11 2:24,360,360,1341,1341,,,,,,, ,11174,TRUE,431,,7.29,2.77,1.12,,245000,102000,46400,,8.019,3/21/11 11:15,,,0,P,,,,,3/20/11 15:25,3/21/11 17:15
15,gsep_286,psep_282,cdaw_sep_109,3/21/11 17:25,3/21/11 4:10,3/22/11 1:35,14,lasco_16171,3/21/11 16:06,3/21/11 16:12,84,84,608,608,,,,,,, ,,,,14,11.1,2.43,,,643000,241000,,,14.513,3/22/11 1:35,,,1,P,Poor fit for CME launch time,,,,3/21/11 5:25,3/22/11 6:15
15,gsep_287,psep_283,,6/5/11 6:10,,,,lasco_16678,6/5/11 5:10,6/5/11 6:26,17,17,578,578,,,,,,, ,,,,,4.82,1.95,,,522000,245000,,,4.8677,6/6/11 4:05,,,0,P,,,,,6/4/11 18:10,6/7/11 6:50
15,gsep_288,psep_284,cdaw_sep_110,6/7/11 6:55,6/7/11 7:20,6/7/11 18:20,72,lasco_16698,6/7/11 6:06,6/7/11 6:49,360,360,1255,1255,gid_sdo_600,6/7/11 6:16,6/7/11 6:41,25,54,-21,M2.5,11226,FALSE,637,72,55.45,19,5.93,1.75,4010000,1340000,481000,194000,72.866,6/7/11 18:20,6/7/11 6:25,6/7/11 6:45,1,P,,,Fe-rich; ;p-rich; ,,6/6/11 19:20,6/8/11 7:35
15,gsep_289,psep_285,,6/16/11 20:00,,,,lasco_16726,6/11/11 6:02,6/11/11 6:48,35,35,596,596,,,,,,, ,,,,,4.52,,,,1060000,,,,8.0348,6/17/11 8:05,,,0,P,,,,,6/16/11 8:00,6/18/11 15:00
15,gsep_290,psep_286,cdaw_sep_111,8/4/11 4:05,8/4/11 4:30,8/5/11 21:50,80,lasco_16983,8/4/11 3:30,8/4/11 4:12,360,123,1315,338,gid_sdo_704,8/4/11 3:41,8/4/11 3:57,16,36,19,M9.3,11261,FALSE,750,96,59,13.56,2.99,0.85,6280000,1010000,344000,160000,96.379,8/5/11 21:50,8/4/11 3:54,8/4/11 4:15,1,P,,,Fe-rich; ;p-rich; ,,8/3/11 16:30,8/6/11 6:05
15,gsep_291,psep_287,,8/8/11 18:20,,,,lasco_17005,8/8/11 17:44,8/8/11 18:12,237,237,1343,1343,gid_sdo_736,8/8/11 18:00,8/8/11 18:10,10,61,16,M3.5,11263,FALSE,753,,3.88,1.43,,,105000,56900,,,4.0344,8/8/11 20:00,,,0,P,,,,,8/8/11 6:20,8/9/11 8:00
15,gsep_292,psep_288,cdaw_sep_112,8/9/11 8:10,8/9/11 8:20,8/9/11 12:10,26,lasco_17009,8/9/11 7:44,8/9/11 8:12,360,360,1610,1610,gid_sdo_741,8/9/11 7:48,8/9/11 8:05,17,69,17,X6.9,11263,FALSE,753,26,27.25,11.79,3.8,1.24,956000,372000,164000,79100,26.919,8/9/11 12:10,8/9/11 8:01,8/9/11 8:20,1,P,,,Fe-rich;e-rich;p-poor; ,,8/8/11 20:20,8/10/11 0:00
15,gsep_296,psep_292,,11/3/11 23:35,,,,lasco_17535,11/3/11 21:30,11/3/11 23:30,360,360,991,991,gid_sdo_1125,11/3/11 20:16,11/3/11 20:27,11,-63,22,X1.9,11339,TRUE,1028,,3.83,1.77,0.89,,693000,404000,232000,,4.0878,11/4/11 11:15,,,0,S,,,,,11/3/11 11:35,11/4/11 20:25
15,gsep_297,psep_293,cdaw_sep_114,11/26/11 7:45,11/26/11 8:15,11/27/11 1:25,80,lasco_17680,11/26/11 6:39,11/26/11 7:12,360,360,933,933,gid_sdo_1262,11/26/11 6:09,11/26/11 7:10,61,39,8,C1.2,11353,FALSE,1093,80,48.14,2.77,0.98,,4120000,600000,312000,,80.263,11/27/11 1:25,,,1,P,,,,,11/25/11 20:15,11/28/11 9:25
15,gsep_298,psep_294,,12/25/11 18:55,,,,lasco_17825,12/25/11 17:00,12/25/11 18:48,125,125,366,366,gid_sdo_1374,12/25/11 18:11,12/25/11 18:16,5,31,-21,M4.0,11387,FALSE,1209,,3.5,1.47,,,141000,69700,,,3.2303,12/26/11 1:35,,,0,P,,,,,12/25/11 6:55,12/26/11 12:55
15,gsep_299,psep_295,,1/19/12 19:20,,,,lasco_17972,1/19/12 14:31,1/19/12 14:36,360,360,1120,1120,gid_sdo_1497,1/19/12 13:44,1/19/12 16:05,141,-22,32,M3.2,11402,FALSE,1321,,3.35,,,,601000,,,,3.5137,1/20/12 19:50,,,0,P,Poor fit for CME launch time ,,,,1/19/12 7:20,1/22/12 14:20
15,gsep_300,psep_296,cdaw_sep_115,1/23/12 4:10,1/23/12 4:45,1/24/12 15:30,3895,lasco_17994,1/23/12 3:40,1/23/12 4:00,360,360,2175,2175,gid_sdo_1506,1/23/12 3:38,1/23/12 3:59,21,25,18,M8.7,11402,FALSE,1321,6310,3806.43,204.33,8.71,0.84,241000000,16500000,915000,169000,6314.1,1/24/12 15:30,,,1,P,,,Fe-poor; ;p-rich; shock passage,,1/22/12 16:45,1/25/12 18:40
15,gsep_301,psep_297,cdaw_sep_116,1/27/12 17:55,1/27/12 18:55,1/28/12 2:05,795,lasco_18011,1/27/12 18:14,1/27/12 18:27,360,360,2508,2508,gid_sdo_1523,1/27/12 17:37,1/27/12 18:37,60,71,27,X1.7,11402,FALSE,1321,795,535.77,83.95,16,4.43,45400000,6670000,1180000,337000,807.51,1/28/12 2:20,1/27/12 18:10,1/27/12 18:30,1,S,,,Fe-poor; ;p-rich; no shock passage,,1/27/12 6:55,1/30/12 8:25
15,gsep_302,psep_298,,2/24/12 21:30,,,,lasco_18110,2/24/12 17:36,2/24/12 17:36,94,94,461,461,,,,,,, ,,,,,4.02,,,,614000,,,,4.6418,2/26/12 0:55,,,0,P,Poor fit for CME launch time ,,,,2/24/12 9:30,2/27/12 12:00
15,gsep_303,psep_299,,3/4/12 23:10,,,,lasco_18155,3/4/12 10:31,3/4/12 11:00,360,360,1306,1306,gid_sdo_1567,3/4/12 10:29,3/4/12 10:52,23,-61,19,M2.0,11429,FALSE,1449,,3.76,,,,532000,,,,4.0747,3/6/12 13:35,,,0,P,,,,,3/4/12 11:10,3/7/12 2:40
15,gsep_304,psep_300,cdaw_sep_117,3/7/12 2:50,3/7/12 2:50,3/8/12 11:15,1913,lasco_18169,3/7/12 0:12,3/7/12 0:24,360,360,2864,2864,gid_sdo_1607,3/7/12 0:02,3/7/12 0:24,22,-27,21,X5.4,11429,FALSE,1449,6530,4200.59,431.01,102.68,23.14,235000000,46900000,8960000,1850000,6529.8,3/8/12 11:15,3/7/12 0:17,3/7/12 1:00,1,P,,,Fe-poor; ;p-rich; no shock passage,,3/6/12 14:50,3/9/12 17:25
15,gsep_305,psep_301,cdaw_sep_118,3/13/12 17:35,3/13/12 18:05,3/13/12 20:45,469,lasco_18196,3/13/12 17:13,3/13/12 17:36,360,360,1884,1884,gid_sdo_1647,3/13/12 17:12,3/13/12 17:41,29,59,19,M7.9,11429,FALSE,1449,469,297.34,34.57,4.33,0.81,9050000,993000,263000,111000,468.77,3/13/12 20:45,3/13/12 17:15,3/13/12 17:35,1,P,,,Fe-rich; ;p-rich; ,,3/13/12 6:05,3/14/12 12:15
15,gsep_306,psep_302,cdaw_sep_119,5/17/12 1:30,5/17/12 1:55,5/17/12 4:30,255,lasco_18533,5/17/12 1:17,5/17/12 1:48,360,360,1582,1582,gid_sdo_1910,5/17/12 1:25,5/17/12 1:47,22,76,11,M5.1,11476,FALSE,1638,255,215.65,98.86,29.89,9.48,6820000,1990000,682000,265000,311.43,5/17/12 4:35,5/17/12 1:31,5/17/12 1:40,1,S,,,Fe-rich; ;p-rich; ,,5/16/12 13:55,5/18/12 2:10
15,gsep_307,psep_303,cdaw_sep_120,5/26/12 22:15,5/26/12 23:25,5/27/12 10:45,14,lasco_18600,5/26/12 20:24,5/26/12 20:57,360,360,1966,1966,,,,,,, ,11484,TRUE,1662,14,10.24,,,,801000,,,,14.777,5/27/12 10:45,5/26/12 20:47,,1,P,,,,,5/26/12 11:25,5/27/12 18:15
15,gsep_308,psep_304,cdaw_sep_121,6/15/12 23:50,6/14/12 23:25,6/16/12 22:30,15,lasco_18747,6/14/12 13:27,6/14/12 14:12,360,360,987,987,gid_sdo_2044,6/14/12 12:52,6/14/12 14:35,103,-5,-17,M1.9,11504,FALSE,1750,15,10.17,,,,325000,,,,15.075,6/16/12 20:20,,,1,P,,,,,6/14/12 11:25,6/17/12 7:30
15,gsep_309,psep_305,cdaw_sep_122,7/6/12 23:55,7/7/12 0:05,7/7/12 7:45,25,lasco_18909,7/6/12 22:48,7/6/12 23:24,360,360,1828,1828,gid_sdo_2206,7/6/12 23:01,7/6/12 23:08,7,51,-17,X1.1,11515,FALSE,1807,25,15.91,5.05,1.52,0.59,2010000,694000,325000,167000,25.241,7/7/12 7:45,7/6/12 23:09,7/6/12 23:10,1,P,,,Fe-rich; ;p-rich; ,,7/6/12 12:05,7/8/12 7:55
15,gsep_310,,cdaw_sep_123,7/8/12 18:10,7/8/12 18:10,7/9/12 4:30,19,lasco_18928,7/8/12 16:00,7/8/12 16:36,157,157,1572,1497,gid_sdo_2231,7/8/12 16:23,7/8/12 16:32,9,74,-17,M6.9,11515,FALSE,1807,19,,,,,,,,,23.153,7/9/12 1:35,7/8/12 16:30,7/8/12 16:35,1,P,,,,,7/8/12 6:10,7/10/12 3:10
15,gsep_311,psep_306,cdaw_sep_124,7/12/12 17:10,7/12/12 17:25,7/12/12 22:25,96,lasco_18957,7/12/12 16:12,7/12/12 16:48,360,360,885,885,gid_sdo_2262,7/12/12 15:37,7/12/12 16:49,72,1,-15,X1.4,11520,FALSE,1834,96,58.61,2.98,0.91,,3450000,473000,248000,,96.08,7/12/12 22:25,7/12/12 16:25,7/12/12 16:45,1,P,,,,,7/12/12 5:25,7/15/12 11:10
15,gsep_312,psep_307,cdaw_sep_125,7/17/12 15:05,7/17/12 15:30,7/18/12 6:00,136,lasco_19000,7/17/12 13:48,7/17/12 13:48,176,176,958,958,gid_sdo_2290,7/17/12 12:03,7/17/12 17:15,312,65,-28,M1.7,11520,FALSE,1834,136,82.25,4.53,0.92,,3180000,260000,87400,,135.95,7/18/12 6:00,,,1,P,Poor fit for CME launch time ,,,,7/17/12 3:30,7/18/12 16:05
15,gsep_313,psep_308,cdaw_sep_126,7/19/12 1:25,7/19/12 6:40,7/19/12 14:25,80,lasco_19008,7/19/12 5:05,7/19/12 5:24,360,360,1631,1931,gid_sdo_2296,7/19/12 4:17,7/19/12 5:58,101,90,-17,M7.7,11520,FALSE,1834,80,54.92,10.03,1.95,0.52,5260000,803000,251000,115000,81.44,7/20/12 4:50,7/19/12 5:24,7/19/12 5:30,1,P,,,Fe-rich; ;p-rich; ,,7/18/12 18:40,7/21/12 3:25
15,gsep_314,psep_309,cdaw_sep_127,7/23/12 7:40,7/23/12 8:00,7/23/12 21:45,12,lasco_19039,7/23/12 2:10,7/23/12 2:36,360,360,2003,2008,,,,,,, ,11523,TRUE,1863,12,11.53,4.96,1.58,0.5,2280000,920000,308000,115000,12.768,7/23/12 21:45,,,1,P,,,,,7/22/12 20:00,7/24/12 4:40
15,gsep_315,psep_310,cdaw_sep_128,9/1/12 0:15,9/1/12 1:25,9/2/12 8:50,60,lasco_19304,8/31/12 19:36,8/31/12 20:00,360,360,1442,1442,gid_sdo_2480,8/31/12 19:45,8/31/12 20:43,58,-42,-19,C8.4,11562,FALSE,1990,60,34.44,1.73,,,3300000,495000,,,59.894,9/2/12 8:50,8/31/12 19:42,8/31/12 20:00,1,P,,,,,8/31/12 13:25,9/3/12 18:15
15,gsep_316,psep_311,cdaw_sep_129,9/28/12 1:05,9/28/12 1:20,9/28/12 4:45,28,lasco_19473,9/27/12 23:19,9/28/12 0:12,360,360,947,947,gid_sdo_2578,9/27/12 23:36,9/27/12 23:57,21,36,9,C3.7,11577,FALSE,2040,28,19.6,2.81,0.84,,996000,329000,165000,,28.431,9/28/12 4:45,9/27/12 23:44,9/27/12 23:55,1,P,,,Fe-rich; ;p-rich; ,,9/27/12 13:20,9/28/12 14:05
15,gsep_317,psep_312,,12/14/12 6:15,,,,lasco_19914,12/14/12 1:37,12/14/12 2:00,149,149,763,763,,,,,,, ,,,,,6.01,,,,538000,,,,9.3625,12/15/12 1:55,,,0,P,,,,,12/13/12 18:15,12/15/12 16:15
15,gsep_318,psep_313,,1/16/13 22:35,,,,lasco_20175,1/16/13 18:03,1/16/13 19:00,250,250,648,648,gid_sdo_3003,1/16/13 18:21,1/16/13 19:23,62,76,-31,C2.2,11650,FALSE,2360,,2.71,,,,188000,,,,2.0844,1/17/13 14:15,,,0,P,,,,,1/16/13 10:35,1/17/13 20:35
15,gsep_319,psep_314,cdaw_sep_130,3/15/13 19:10,3/15/13 19:40,3/17/13 7:00,15,lasco_20551,3/15/13 6:31,3/15/13 7:12,360,360,1063,1063,gid_sdo_3058,3/15/13 5:46,3/15/13 6:58,72,-12,11,M1.1,11692,FALSE,2546,16,10.42,1.46,,,1080000,321000,,,16.036,3/17/13 7:00,,,1,P,,,,,3/15/13 7:40,3/17/13 21:10
15,gsep_321,,cdaw_sep_132,5/15/13 6:35,5/15/13 6:35,5/17/13 17:20,42,lasco_20981,5/15/13 1:19,5/15/13 1:48,360,360,1366,1366,gid_sdo_3394,5/15/13 1:25,5/15/13 1:48,23,-64,12,X1.2,11748,FALSE,2748,42,,,,,,,,,32.972,5/17/13 17:25,5/15/13 1:37,5/15/13 4:30,1,P,,,,,5/14/13 18:35,5/18/13 17:35
15,gsep_322,,cdaw_sep_133,5/22/13 14:20,5/22/13 14:20,5/23/13 6:50,1660,lasco_21052,5/22/13 12:47,5/22/13 13:25,360,,1466,1466,gid_sdo_3437,5/22/13 13:08,5/22/13 13:32,24,70,15,M5.0,11745,FALSE,2739,1660,,,,,,,,,1655.4,5/23/13 6:50,5/22/13 12:59,5/22/13 13:10,1,P,,,,,5/22/13 2:20,5/25/13 0:00
15,gsep_323,,cdaw_sep_134,6/23/13 8:30,6/23/13 8:30,6/24/13 5:20,14,lasco_21225,6/21/13 2:47,6/21/13 3:12,207,,1900,1900,gid_sdo_3497,6/21/13 2:30,6/21/13 3:14,44,-73,-16,M2.9,11777,FALSE,2878,14,,,,,,,,,14.146,6/24/13 5:20,,,1,P,,,,,6/22/13 20:30,6/24/13 17:10
15,gsep_330,,cdaw_sep_141,4/18/14 13:40,4/18/14 13:40,4/19/14 1:50,58,lasco_23111,4/18/14 12:33,4/18/14 13:25,360,,1203,1203,gid_sdo_5098,4/18/14 12:31,4/18/14 13:03,32,34,-20,M7.3,12036,FALSE,3999,58,,,,,,,,,58.47,4/19/14 1:05,4/18/14 12:55,4/18/14 13:06,1,P,,,,Data corrected for spike,4/18/14 1:40,4/20/14 15:40
15,gsep_331,,cdaw_sep_142,9/10/14 21:35,9/10/14 21:35,9/12/14 15:55,29,lasco_24113,9/10/14 17:18,9/10/14 18:00,360,,1267,1267,gid_sdo_5706,9/10/14 17:21,9/10/14 17:45,24,-2,14,X1.6,12158,FALSE,4536,126,,,,,,,,,183.65,9/12/14 15:55,,,1,P,,,,,9/10/14 9:35,9/12/14 23:55
15,gsep_332,,cdaw_sep_143,11/1/14 13:55,11/1/14 13:55,11/2/14 21:10,11,lasco_24432,11/1/14 5:14,11/1/14 6:00,160,,740,740,gid_sdo_5988,11/1/14 4:44,11/1/14 5:34,70,-52,-22,C2.7,12200,TRUE,4751,11,,,,,,,,,10.875,11/2/14 21:10,,,1,P,,,,,11/1/14 1:55,11/3/14 7:35
15,gsep_336,,cdaw_sep_147,10/29/15 3:05,10/29/15 3:05,10/29/15 10:00,24,lasco_26577,10/29/15 1:12,10/29/15 2:36,202,,530,530,,,,,,,,12435,TRUE,6026,24,,,,,,,,,23.508,10/29/15 10:00,10/29/15 2:19,,1,P,"Taken from CDAW. Also, poor fit for CME launch time",,,,10/28/15 15:05,10/30/15 4:05
15,gsep_337,,cdaw_sep_148,1/2/16 0:15,1/2/16 0:15,1/2/16 4:50,22,lasco_26928,1/1/16 23:09,1/1/16 23:24,360,,1730,1730,gid_sdo_7913,1/1/16 23:10,1/2/16 0:11,61,82,-25,M2.3,12473,FALSE,6206,22,,,,,,,,,21.522,1/2/16 4:50,1/1/16 23:21,1/2/16 0:55,1,P,,,,,1/1/16 12:15,1/2/16 12:45
15,gsep_339,,cdaw_sep_150,9/4/17 22:30,9/4/17 22:30,9/5/17 19:20,210,lasco_28869,9/4/17 20:13,9/4/17 20:36,360,,1418,1418,gid_sdo_8455,9/4/17 20:28,9/4/17 20:33,5,12,-10,M5.5,12673,FALSE,7115,210,,,,,,,,,210.19,9/5/17 19:30,,,1,P,,,,,9/4/17 10:30,9/6/17 12:30
15,gsep_340,,cdaw_sep_151,9/6/17 12:35,9/6/17 12:35,9/7/17 23:25,41,lasco_28874,9/6/17 11:54,9/6/17 12:24,360,,1571,1571,gid_sdo_8472,9/6/17 11:53,9/6/17 12:02,9,33,-8,X9.3,12673,FALSE,7115,844,,,,,,,,,849.19,9/8/17 0:20,9/6/17 12:02,9/6/17 12:05,1,P,,,,Data corrected for spike,9/6/17 0:35,9/8/17 14:35
15,gsep_341,,cdaw_sep_152,9/10/17 16:25,9/10/17 16:25,9/11/17 11:40,1490,lasco_28887,9/10/17 15:46,9/10/17 16:00,360,,3163,3163,gid_sdo_8527,9/10/17 15:35,9/10/17 16:06,31,90,-9,X8.2,12673,FALSE,7115,1490,,,,,,,,,1493.5,9/11/17 11:45,9/10/17 15:53,,1,P,,,,,9/10/17 4:25,9/13/17 6:55